Impl,date,percentage,"roast sha1",pass,fail,todo,skip,plan,spec,"impl sha1",notes
rakudo.jvm,2015-12-10,34.91%,4b0efdd,43078,542,912,1694,46225,124259,2d337f1,
rakudo.moar,2015-12-10,100.00%,6c2c99c,123400,16,627,1333,125376,124271,eb275d9,
rakudo.jvm,2015-12-10,34.91%,6c2c99c,43084,500,800,1694,46078,124112,eb275d9,
rakudo.moar,2015-12-10,100.00%,6c2c99c,123400,16,627,1333,125376,124271,eb275d9,
rakudo.jvm,2015-12-09,35.06%,e23a58d,43131,404,817,1707,46059,124093,c27a00c,
rakudo.moar,2015-12-09,100.00%,e23a58d,123006,391,625,1335,125357,124252,c27a00c,
rakudo.jvm,2015-12-08,35.26%,ad7263a,43504,31,813,1707,46055,124085,97ef742,
rakudo.moar,2015-12-08,100.00%,ad7263a,123378,14,626,1335,125353,124244,97ef742,
rakudo.jvm,2015-12-07,35.06%,2324965,43236,354,795,1622,46007,124037,f24d2e0,
rakudo.moar,2015-12-07,100.00%,2324965,123328,15,627,1335,125305,124196,f24d2e0,
rakudo.jvm,2015-12-06,00.00%,c02bf4b,0,38032,0,0,38032,117875,fdec627,
rakudo.moar,2015-12-06,100.00%,182fd17,123322,23,627,1334,125306,124197,fdec627,
rakudo.jvm,2015-12-06,00.00%,c02bf4b,0,38032,0,0,38032,117875,fdec627,
rakudo.moar,2015-12-06,100.00%,c02bf4b,123322,32,627,1323,125300,124191,fdec627,
rakudo.jvm,2015-12-05,00.00%,25424a4,0,38036,0,0,38036,117879,5e49279,
rakudo.moar,2015-12-05,100.00%,25424a4,123310,40,636,1318,125304,124195,5e49279,
rakudo.jvm,2015-12-03,00.00%,7a89eb5,0,38029,0,0,38029,117848,d6f783b,
rakudo.moar,2015-12-03,100.00%,7a89eb5,123298,44,636,1318,125296,124164,d6f783b,
rakudo.jvm,2015-12-03,00.00%,a74506c,0,38010,0,0,38010,117829,f0a96da,
rakudo.moar,2015-12-03,100.00%,a74506c,123279,31,642,1325,125277,124145,f0a96da,
rakudo.jvm,2015-12-02,00.00%,dda235a,0,38003,0,0,38003,117822,a4ca12a,
rakudo.moar,2015-12-02,100.00%,dda235a,123273,32,642,1323,125270,124138,a4ca12a,
rakudo.jvm,2015-12-01,00.00%,b3b3131,0,37993,0,0,37993,117812,20718a9,
rakudo.moar,2015-12-01,100.00%,b3b3131,123268,26,643,1323,125260,124128,20718a9,
rakudo.jvm,2015-11-30,00.00%,b3b3131,0,37993,0,0,37993,117812,0ede335,
rakudo.moar,2015-11-30,100.00%,b3b3131,123267,27,643,1323,125260,124128,0ede335,
rakudo.jvm,2015-11-29,31.40%,16b3b97,38685,5077,716,1425,45903,123909,e0a4039,
rakudo.moar,2015-11-29,100.00%,16b3b97,123213,11,654,1322,125200,124068,e0a4039,
rakudo.jvm,2015-11-28,31.34%,22c6057,38593,5076,716,1450,45824,123830,fec2b52,
rakudo.moar,2015-11-28,100.00%,22c6057,123145,11,654,1322,125121,123989,fec2b52,
rakudo.jvm,2015-11-27,31.34%,397ddee,38577,5075,716,1449,45817,123822,39869f1,
rakudo.moar,2015-11-27,100.00%,397ddee,123076,61,654,1322,125113,123981,39869f1,
rakudo.jvm,2015-11-26,35.10%,b287fb8,43198,64,821,1664,45747,123752,2e8830b,
rakudo.moar,2015-11-26,100.00%,b287fb8,123068,1,652,1322,125043,123911,2e8830b,
rakudo.jvm,2015-11-25,35.12%,a96334c,43222,17,822,1681,45742,123747,4d8a904,
rakudo.moar,2015-11-25,100.00%,a96334c,123064,1,653,1320,125038,123906,4d8a904,
rakudo.jvm,2015-11-24,00.00%,b727ecc,0,37789,0,0,37789,117607,6bd4006,
rakudo.moar,2015-11-24,100.00%,b727ecc,123064,0,653,1320,125037,123905,6bd4006,
rakudo.jvm,2015-11-23,35.13%,f1df147,43228,1,824,1681,45734,123739,ae8216b,
rakudo.moar,2015-11-23,100.00%,f1df147,123052,1,657,1320,125030,123898,ae8216b,
rakudo.jvm,2015-11-22,35.05%,743b620,43129,53,866,1537,45585,123590,888ef1b,
rakudo.moar,2015-11-22,100.00%,743b620,123054,2,649,1176,124881,123749,888ef1b,
rakudo.jvm,2015-11-21,35.05%,9e99d8c,43124,56,866,1537,45583,123588,fa3ce11,
rakudo.moar,2015-11-21,100.00%,37a7757,123042,0,646,1190,124878,123746,0b6328c,
rakudo.jvm,2015-11-21,35.05%,3583fd3,43129,65,853,1536,45583,123588,0b6328c,
rakudo.moar,2015-11-21,100.00%,37a7757,123042,0,646,1190,124878,123746,0b6328c,
rakudo.jvm,2015-11-21,35.01%,37a7757,43080,87,830,1585,45582,123587,0b6328c,
rakudo.moar,2015-11-21,100.00%,37a7757,123042,0,646,1190,124878,123746,0b6328c,
rakudo.jvm,2015-11-20,34.93%,1291a67,42937,111,830,1585,45463,123468,e88196a,
rakudo.moar,2015-11-20,100.00%,1291a67,122916,7,646,1190,124759,123627,e88196a,
rakudo.jvm,2015-11-20,00.00%,1291a67,0,37655,0,0,37655,117473,f8f165b,
rakudo.moar,2015-11-20,100.00%,1291a67,122909,14,646,1190,124759,123627,f8f165b,
rakudo.jvm,2015-11-19,34.90%,e922c94,42867,131,797,1596,45391,123396,d410e34,
rakudo.moar,2015-11-19,100.00%,e922c94,122839,2,645,1201,124687,123555,d410e34,
rakudo.jvm,2015-11-18,34.77%,fdd2f41,42650,401,790,1512,45353,123375,29cc3c2,
rakudo.moar,2015-11-18,100.00%,befe2ef,122671,0,652,1201,124524,123392,1ca52fc,
rakudo.jvm,2015-11-18,34.28%,befe2ef,42046,654,702,1826,45228,123233,1ca52fc,
rakudo.moar,2015-11-18,100.00%,befe2ef,122671,0,652,1201,124524,123392,1ca52fc,
rakudo.jvm,2015-11-17,31.49%,bed8c8a,38615,4226,574,1773,45188,123193,3177463,
rakudo.moar,2015-11-17,100.00%,bed8c8a,122627,0,656,1201,124484,123352,3177463,
rakudo.jvm,2015-11-16,30.34%,a1e5aff,37196,6063,568,1353,45180,123185,8e19973,
rakudo.moar,2015-11-16,100.00%,a1e5aff,122616,0,659,1201,124476,123344,8e19973,
rakudo.jvm,2015-11-15,30.34%,49d4301,37195,6062,570,1353,45180,123185,94ad45b,
rakudo.moar,2015-11-15,100.00%,49d4301,122614,0,661,1201,124476,123344,94ad45b,
rakudo.jvm,2015-11-14,00.00%,528a22b,0,37385,0,0,37385,117203,019a7ff,
rakudo.moar,2015-11-14,100.00%,528a22b,122753,0,661,1201,124615,123483,019a7ff,
rakudo.jvm,2015-11-13,00.00%,01a65f4,0,37375,0,0,37375,117193,f4e9d5e,
rakudo.moar,2015-11-13,100.00%,01a65f4,122742,0,662,1201,124605,123473,f4e9d5e,
rakudo.jvm,2015-11-12,00.00%,cd2f270,0,37364,0,0,37364,117182,459bc52,
rakudo.moar,2015-11-12,100.00%,cd2f270,122727,0,666,1201,124594,123462,459bc52,
rakudo.jvm,2015-11-11,00.00%,dca1fae,0,37346,0,0,37346,117164,4422d81,
rakudo.moar,2015-11-11,100.00%,dca1fae,122697,0,678,1201,124576,123444,4422d81,
rakudo.jvm,2015-11-10,34.36%,5a0e7a4,42154,939,715,1465,45273,123278,2ad739e,
rakudo.moar,2015-11-10,100.00%,5a0e7a4,122684,6,678,1201,124569,123437,2ad739e,
rakudo.jvm,2015-11-09,23.82%,2fcc4cc,29121,14522,231,1037,44911,122870,460d89d,
rakudo.moar,2015-11-09,100.00%,2fcc4cc,122278,0,677,1201,124156,123029,460d89d,
rakudo.jvm,2015-11-08,34.26%,4ab8381,41907,859,717,1475,44958,122917,4988c70,
rakudo.moar,2015-11-08,100.00%,4ab8381,122323,1,678,1201,124203,123076,4988c70,
rakudo.jvm,2015-11-07,34.61%,815631e,42340,415,719,1484,44958,122917,774f0a3,
rakudo.moar,2015-11-07,100.00%,815631e,122323,2,677,1201,124203,123076,774f0a3,
rakudo.jvm,2015-11-06,00.00%,aa4ba57,0,37338,0,0,37338,117108,c880f16,
rakudo.moar,2015-11-06,100.00%,aa4ba57,122239,16,675,1206,124136,123044,c880f16,
rakudo.jvm,2015-11-04,00.00%,0a388d1,0,37241,0,0,37241,116979,6cb35b4,
rakudo.moar,2015-11-04,100.00%,0a388d1,122119,3,676,1205,124003,122911,6cb35b4,
rakudo.jvm,2015-11-03,00.00%,369aa88,0,37223,0,0,37223,116955,5349d05,
rakudo.moar,2015-11-03,100.00%,369aa88,122100,3,677,1205,123985,122887,5349d05,
rakudo.jvm,2015-11-02,34.68%,636e4d6,42191,463,722,1467,44843,122762,1051fcc,
rakudo.moar,2015-11-02,100.00%,636e4d6,121655,483,676,1205,124019,122921,1051fcc,
rakudo.jvm,2015-11-01,34.13%,2e255c0,41515,1174,706,1417,44812,122731,d98dc80,
rakudo.moar,2015-11-01,100.00%,2e255c0,121632,475,676,1205,123988,122890,d98dc80,
rakudo.jvm,2015-10-31,32.96%,4cfd974,40080,2513,703,1356,44652,122571,36c4c6a,
rakudo.moar,2015-10-31,100.00%,4cfd974,121592,356,679,1201,123828,122730,36c4c6a,
rakudo.jvm,2015-10-30,33.54%,f95820a,40506,1266,703,1337,43812,121731,3b212a0,
rakudo.moar,2015-10-30,100.00%,f95820a,120760,348,679,1201,122988,121890,3b212a0,
rakudo.jvm,2015-10-29,33.62%,a254a27,40472,1311,700,1327,43810,121729,07f186d,
rakudo.moar,2015-10-29,100.00%,a254a27,120378,324,682,1200,122584,121888,07f186d,
rakudo.jvm,2015-10-28,33.59%,2dfcd85,40547,1228,701,1329,43805,121322,f558679,
rakudo.moar,2015-10-28,100.00%,2dfcd85,120696,0,681,1202,122579,121481,f558679,
rakudo.jvm,2015-10-27,00.00%,7f43444,0,37029,0,0,37029,116359,6902d51,
rakudo.moar,2015-10-27,100.00%,7f43444,120671,0,681,1219,122571,121473,6902d51,
rakudo.jvm,2015-10-26,00.00%,e58cb30,0,37027,0,0,37027,116357,c017f78,
rakudo.moar,2015-10-26,100.00%,e58cb30,120624,46,681,1218,122569,121471,c017f78,
rakudo.jvm,2015-10-25,00.00%,de87d79,0,37025,0,0,37025,116355,68dc9ed,
rakudo.moar,2015-10-25,100.00%,de87d79,120667,0,681,1219,122567,121469,68dc9ed,
rakudo.jvm,2015-10-24,33.59%,6082102,40526,1212,702,1346,43786,121303,75ac71b,
rakudo.moar,2015-10-24,100.00%,6082102,120659,1,681,1219,122560,121462,75ac71b,
rakudo.jvm,2015-10-23,33.33%,690dbe4,40213,1522,704,1345,43784,121301,3df2630,
rakudo.moar,2015-10-23,100.00%,690dbe4,120657,1,679,1221,122558,121460,3df2630,
rakudo.jvm,2015-10-21,33.24%,51d1a48,40177,1514,707,1349,43747,121264,5d83db3,
rakudo.moar,2015-10-21,100.00%,51d1a48,120854,0,712,1225,122791,121693,5d83db3,
rakudo.jvm,2015-10-20,33.24%,dcf3e06,40169,1514,709,1349,43741,121258,46874fd,
rakudo.moar,2015-10-20,100.00%,dcf3e06,120844,2,714,1225,122785,121687,46874fd,
rakudo.jvm,2015-10-19,33.15%,85edc25,40000,1514,713,1332,43559,121076,fc1ef69,
rakudo.moar,2015-10-19,100.00%,85edc25,120677,0,719,1207,122603,121505,fc1ef69,
rakudo.jvm,2015-10-18,33.12%,7848937,39937,1495,718,1332,43482,120999,d8d6abd,
rakudo.moar,2015-10-18,100.00%,7848937,120583,15,722,1206,122526,121428,d8d6abd,
rakudo.jvm,2015-10-17,33.12%,a367d98,39930,1495,718,1334,43477,120994,44a7ffa,
rakudo.moar,2015-10-17,100.00%,a367d98,120576,15,722,1208,122521,121423,44a7ffa,
rakudo.jvm,2015-10-16,00.00%,7ea9ae0,0,36709,0,0,36709,116039,dd51f8a,
rakudo.moar,2015-10-16,100.00%,7ea9ae0,120574,16,722,1209,122521,121423,dd51f8a,
rakudo.jvm,2015-10-15,33.08%,ef6d4ee,39862,1494,717,1333,43406,120923,271e84c,
rakudo.moar,2015-10-15,100.00%,ef6d4ee,120507,15,721,1207,122450,121352,271e84c,
rakudo.jvm,2015-10-14,33.12%,bb98a84,39907,1406,751,1333,43397,120914,f2cb328,
rakudo.moar,2015-10-14,100.00%,bb98a84,120498,15,721,1207,122441,121343,f2cb328,
rakudo.jvm,2015-10-13,33.10%,57bff55,39877,1407,751,1333,43368,120885,fa024fe,
rakudo.moar,2015-10-13,100.00%,57bff55,120469,15,721,1207,122412,121314,fa024fe,
rakudo.jvm,2015-10-12,32.94%,b472446,39660,1613,753,1333,43359,120876,6432ddf,
rakudo.moar,2015-10-12,100.00%,b472446,120393,48,723,1239,122403,121305,6432ddf,
rakudo.jvm,2015-10-11,32.95%,51332a9,39675,1586,753,1332,43346,120883,8f4e908,
rakudo.moar,2015-10-11,100.00%,51332a9,120412,17,723,1238,122390,121312,8f4e908,
rakudo.jvm,2015-10-10,32.93%,6f2a9f0,39633,1582,771,1335,43321,120858,ec2cad9,
rakudo.moar,2015-10-10,100.00%,6f2a9f0,120366,17,741,1241,122365,121287,ec2cad9,
rakudo.jvm,2015-10-09,32.91%,6a329a3,39582,1556,766,1333,43237,120742,94d4570,
rakudo.moar,2015-10-09,100.00%,6a329a3,120284,17,739,1209,122249,121171,94d4570,
rakudo.jvm,2015-10-08,32.80%,1f0d061,39384,1539,762,1333,43018,120511,25d3482,
rakudo.moar,2015-10-08,100.00%,1f0d061,120057,17,735,1209,122018,120940,25d3482,
rakudo.jvm,2015-10-07,32.77%,73fc8c3,39317,1542,755,1340,42954,120447,7f0e6a5,
rakudo.moar,2015-10-07,100.00%,73fc8c3,119975,35,728,1216,121954,120876,7f0e6a5,
rakudo.jvm,2015-10-06,32.73%,489c492,39264,1584,742,1340,42930,120423,68f233a,
rakudo.moar,2015-10-06,100.00%,489c492,119965,20,729,1216,121930,120852,68f233a,
rakudo.jvm,2015-10-05,32.71%,44feca7,39232,1588,743,1341,42904,120397,2765b6a,
rakudo.moar,2015-10-05,100.00%,44feca7,119931,26,730,1217,121904,120826,2765b6a,
rakudo.jvm,2015-10-04,32.68%,5f82bde,39166,1624,742,1341,42873,120366,2e92038,
rakudo.moar,2015-10-04,100.00%,5f82bde,119863,64,729,1217,121873,120795,2e92038,
rakudo.jvm,2015-10-03,32.70%,647e449,39204,1580,744,1341,42869,120362,61d1f99,
rakudo.moar,2015-10-03,100.00%,647e449,119904,17,731,1217,121869,120791,61d1f99,
rakudo.jvm,2015-10-02,32.69%,870186b,39191,1580,744,1342,42857,120350,e7ec205,
rakudo.moar,2015-10-02,100.00%,870186b,119891,17,731,1218,121857,120779,e7ec205,
rakudo.jvm,2015-10-01,32.66%,e3494e2,39132,1579,742,1333,42786,120324,329f9ec,
rakudo.moar,2015-10-01,100.00%,e3494e2,119829,19,729,1209,121786,120753,329f9ec,
rakudo.jvm,2015-09-30,32.90%,e3ff8ce,39420,1271,740,1334,42765,120303,058e713,
rakudo.moar,2015-09-30,100.00%,e3ff8ce,119810,19,727,1209,121765,120732,058e713,
rakudo.jvm,2015-09-29,00.00%,be4fc4f,0,36198,0,0,36198,115539,140f3c9,
rakudo.moar,2015-09-29,100.00%,be4fc4f,119810,16,727,1208,121761,120728,140f3c9,
rakudo.jvm,2015-09-28,32.90%,9d54b21,39397,1258,740,1333,42728,120266,1ed1ea0,
rakudo.moar,2015-09-28,100.00%,9d54b21,119756,37,727,1208,121728,120695,1ed1ea0,
rakudo.jvm,2015-09-27,32.90%,7666314,39397,1254,740,1333,42724,120262,0132b65,
rakudo.moar,2015-09-27,100.00%,7666314,119757,32,727,1208,121724,120691,0132b65,
rakudo.jvm,2015-09-26,32.89%,815bd50,39382,1254,743,1335,42714,120252,de8024d,
rakudo.moar,2015-09-26,100.00%,815bd50,119747,27,730,1210,121714,120681,de8024d,
rakudo.jvm,2015-09-25,32.88%,5bb81e8,39367,1251,746,1339,42703,120241,4653d98,
rakudo.moar,2015-09-25,100.00%,5bb81e8,119739,16,733,1215,121703,120670,4653d98,
rakudo.jvm,2015-09-24,32.75%,4841832,39132,1251,747,1340,42470,120008,88c191b,
rakudo.moar,2015-09-24,100.00%,4841832,119499,21,734,1216,121470,120437,88c191b,
rakudo.jvm,2015-09-23,32.55%,de3a3c5,38851,1433,748,1374,42406,120008,631ac40,
rakudo.moar,2015-09-23,100.00%,de3a3c5,119355,65,729,1249,121398,120437,631ac40,
rakudo.jvm,2015-09-22,32.56%,90ba9fc,38868,1402,749,1396,42415,120017,871268e,
rakudo.moar,2015-09-22,100.00%,90ba9fc,119368,38,730,1271,121407,120446,871268e,
rakudo.jvm,2015-09-21,32.55%,704a2a3,38841,1401,753,1396,42391,119993,3480aac,
rakudo.moar,2015-09-21,100.00%,704a2a3,119340,38,734,1271,121383,120422,3480aac,
rakudo.jvm,2015-09-20,32.50%,445fb73,38771,1446,753,1411,42381,119983,f8ee5f6,
rakudo.moar,2015-09-20,100.00%,445fb73,119312,41,734,1286,121373,120412,f8ee5f6,
rakudo.jvm,2015-09-19,32.56%,d375959,38840,1374,764,1412,42390,119941,719a90f,
rakudo.moar,2015-09-19,100.00%,d375959,119272,77,746,1287,121382,120370,719a90f,
rakudo.jvm,2015-09-18,32.56%,f2199d3,38830,1279,763,1412,42284,119928,e95a7f3,
rakudo.moar,2015-09-18,100.00%,f2199d3,119239,2,747,1288,121276,120357,e95a7f3,
rakudo.jvm,2015-09-17,32.14%,143a705,38311,1793,763,1413,42280,119924,7c20517,
rakudo.moar,2015-09-17,100.00%,143a705,119194,3,761,1314,121272,120353,7c20517,
rakudo.jvm,2015-09-16,31.45%,6a475d4,37480,2705,713,1380,42278,119922,b3a7722,
rakudo.moar,2015-09-16,100.00%,6a475d4,119186,7,763,1314,121270,120351,b3a7722,
rakudo.jvm,2015-09-15,31.42%,6bda03d,37436,2698,721,1380,42235,119879,e11a341,
rakudo.moar,2015-09-15,100.00%,6bda03d,119137,5,771,1314,121227,120308,e11a341,
rakudo.jvm,2015-09-14,31.46%,d397bca,37468,2650,727,1380,42225,119869,1bd7278,
rakudo.moar,2015-09-14,100.00%,d397bca,119110,22,771,1314,121217,120298,1bd7278,
rakudo.jvm,2015-09-13,30.61%,b9c81f9,36454,3079,696,1334,41563,119207,783c5ae,
rakudo.moar,2015-09-13,100.00%,b9c81f9,119101,22,770,1314,121207,120288,783c5ae,
rakudo.jvm,2015-09-12,17.30%,c86855e,20599,14167,496,898,36160,115634,0c79be1,
rakudo.moar,2015-09-12,100.00%,c86855e,119090,22,772,1314,121198,120279,0c79be1,
rakudo.jvm,2015-09-11,17.30%,c86855e,20599,14167,496,898,36160,115634,c6a50ff,
rakudo.moar,2015-09-11,100.00%,c86855e,119090,27,772,1309,121198,120279,c6a50ff,
rakudo.jvm,2015-09-10,00.00%,f2c67a6,0,35770,0,0,35770,115268,079d733,
rakudo.moar,2015-09-10,100.00%,f2c67a6,119100,9,775,1314,121198,120279,079d733,
rakudo.jvm,2015-09-09,00.00%,14d11da,0,35741,0,0,35741,115239,10dcbad,
rakudo.moar,2015-09-09,100.00%,14d11da,119072,2,781,1314,121169,120250,10dcbad,
rakudo.jvm,2015-09-08,00.00%,294d0e4,0,35728,0,0,35728,115226,16d366a,
rakudo.moar,2015-09-08,100.00%,294d0e4,119059,2,781,1314,121156,120237,16d366a,
rakudo.jvm,2015-09-07,00.00%,1776c94,0,35723,0,0,35723,115221,5e1b082,
rakudo.moar,2015-09-07,100.00%,1776c94,119054,1,781,1314,121150,120232,5e1b082,
rakudo.jvm,2015-09-06,00.00%,1776c94,0,35723,0,0,35723,115221,13f829c,
rakudo.moar,2015-09-06,100.00%,1776c94,119054,1,781,1314,121150,120232,13f829c,
rakudo.moar-glr,2015-09-06,99.98%,2e1575f,119026,1,780,1313,121120,120202,62e17b4,
rakudo.jvm,2015-09-05,00.00%,5c6d958,0,35714,0,0,35714,115212,03b5a0a,
rakudo.moar,2015-09-05,100.00%,5c6d958,119044,2,781,1314,121141,120223,03b5a0a,
rakudo.moar-glr,2015-09-05,99.98%,2e1575f,119026,1,780,1313,121120,120202,62e17b4,
rakudo.jvm,2015-09-04,31.45%,00a252b,37430,1072,805,1415,40722,118234,e6f3602,
rakudo.moar,2015-09-04,99.93%,00a252b,118938,93,804,1380,121215,120164,e6f3602,
rakudo.moar-glr,2015-09-04,100.00%,2e1575f,119026,1,780,1313,121120,120202,62e17b4,
rakudo.jvm,2015-09-03,31.45%,6e925d7,37431,1072,805,1414,40722,118234,e6f3602,
rakudo.moar,2015-09-03,99.93%,6e925d7,118939,93,804,1379,121215,120164,e6f3602,
rakudo.moar-glr,2015-09-03,100.00%,c6b955c,119021,2,780,1313,121116,120198,a6bb0ba,
rakudo.jvm,2015-09-02,31.45%,6104874,37427,979,805,1414,40625,118230,d8ef5ea,
rakudo.moar,2015-09-02,99.93%,6104874,118935,0,804,1379,121118,120160,d8ef5ea,
rakudo.moar-glr,2015-09-02,100.00%,e6fa419,119019,1,781,1313,121114,120196,57b7ebc,
rakudo.jvm,2015-09-01,31.45%,6b38ee7,37426,979,806,1414,40625,118230,5ba44fc,
rakudo.moar,2015-09-01,99.93%,6b38ee7,118934,0,805,1379,121118,120160,5ba44fc,
rakudo.moar-glr,2015-09-01,100.00%,97b6b02,119018,1,782,1313,121114,120196,57b7ebc,
rakudo.moar,2015-09-01,99.93%,6b38ee7,118934,0,805,1379,121118,120160,5ba44fc,
rakudo.moar-glr,2015-09-01,100.00%,97b6b02,119018,1,782,1313,121114,120196,57b7ebc,
rakudo.jvm,2015-08-30,31.47%,e35f48e,37426,979,806,1414,40625,118230,6a1879d,
rakudo.moar,2015-08-30,100.00%,e35f48e,118934,2,803,1379,121118,120160,6a1879d,
rakudo.moar-glr,2015-08-30,99.99%,0d71222,118922,29,765,1398,121114,120196,b1db8a6,
rakudo.jvm,2015-08-29,31.45%,8bb05dc,37395,1009,806,1413,40623,118227,5fb81ff,
rakudo.moar,2015-08-29,100.00%,8bb05dc,118902,32,803,1378,121115,120157,5fb81ff,
rakudo.moar-glr,2015-08-29,99.86%,0d1b8bf,118740,190,777,1399,121106,120042,7591fc4,
rakudo.jvm,2015-08-28,31.49%,edea297,37448,942,807,1414,40611,118178,47ddca1,
rakudo.moar,2015-08-28,100.00%,edea297,118921,0,803,1379,121103,120108,47ddca1,
rakudo.moar-glr,2015-08-28,99.63%,efb26f8,118481,461,774,1379,121095,120006,087a6c5,
rakudo.jvm,2015-08-26,31.49%,de7de27,37443,943,813,1415,40614,118082,a7c845c,
rakudo.moar,2015-08-26,100.00%,de7de27,118914,2,809,1381,121106,120012,a7c845c,
rakudo.moar-glr,2015-08-26,99.36%,978df96,118157,741,776,1378,121052,120098,a11e8f2,
rakudo.jvm,2015-08-25,31.49%,7e0c2b0,37439,943,815,1415,40612,118080,f7cfe9d,
rakudo.moar,2015-08-25,100.00%,7e0c2b0,118910,2,811,1381,121104,120010,f7cfe9d,
rakudo.jvm,2015-08-24,06.57%,7e0c2b0,7810,27936,194,512,36452,115792,d6bf551,
rakudo.moar,2015-08-24,100.00%,7e0c2b0,118910,2,811,1381,121104,120010,d6bf551,
rakudo.jvm,2015-08-23,31.49%,e369518,37439,942,815,1415,40611,118079,edffe05,
rakudo.moar,2015-08-23,100.00%,e369518,118910,1,811,1381,121103,120009,edffe05,
rakudo.jvm,2015-08-22,31.49%,e369518,37439,942,815,1415,40611,118079,28faf19,
rakudo.moar,2015-08-22,100.00%,e369518,118910,1,811,1381,121103,120009,28faf19,
rakudo.jvm,2015-08-21,31.48%,e369518,37438,943,815,1415,40611,118079,815fff3,
rakudo.moar,2015-08-21,100.00%,e369518,118908,4,811,1380,121103,120009,815fff3,
rakudo.jvm,2015-08-20,00.00%,a78b9f2,0,35640,0,0,35640,114981,5ad8122,
rakudo.moar,2015-08-20,100.00%,a78b9f2,118909,4,810,1380,121103,120009,5ad8122,
rakudo.jvm,2015-08-19,31.46%,b92897b,37388,943,815,1415,40561,118164,93418e9,
rakudo.moar,2015-08-19,100.00%,b92897b,118859,4,810,1380,121053,120094,93418e9,
rakudo.jvm,2015-08-18,31.45%,cddf3a2,37383,943,815,1420,40561,118164,3754356,
rakudo.moar,2015-08-18,100.00%,cddf3a2,118854,4,810,1385,121053,120094,3754356,
rakudo.jvm,2015-08-17,31.45%,c82bbd5,37383,944,815,1420,40562,118165,f185e08,
rakudo.moar,2015-08-17,100.00%,c82bbd5,118855,3,810,1386,121054,120095,f185e08,
rakudo.jvm,2015-08-16,31.45%,3a8ec6e,37383,943,821,1422,40569,118172,383db01,
rakudo.moar,2015-08-16,100.00%,3a8ec6e,118853,5,816,1387,121061,120102,383db01,
rakudo.jvm,2015-08-15,31.45%,bbe6a8c,37360,936,821,1403,40520,118171,ab73b0a,
rakudo.moar,2015-08-15,100.00%,bbe6a8c,118805,3,816,1388,121012,120101,ab73b0a,
rakudo.jvm,2015-08-14,00.00%,aeb52e4,0,35683,0,0,35683,115072,b89ff06,
rakudo.moar,2015-08-14,100.00%,aeb52e4,118804,3,816,1388,121011,120100,b89ff06,
rakudo.jvm,2015-08-13,31.43%,4587519,37336,938,821,1403,40498,118149,98df934,
rakudo.moar,2015-08-13,100.00%,4587519,118783,4,816,1387,120990,120079,98df934,
rakudo.jvm,2015-08-12,00.00%,d3c4f3b,0,35747,0,0,35747,115136,19890c7,
rakudo.moar,2015-08-12,100.00%,d3c4f3b,118725,4,816,1387,120932,120021,19890c7,
rakudo.jvm,2015-08-11,00.00%,a16a600,0,35727,0,0,35727,115068,7a29f16,
rakudo.moar,2015-08-11,100.00%,a16a600,118707,4,816,1387,120912,119953,7a29f16,
rakudo.jvm,2015-08-10,00.00%,0d72d2b,0,35722,0,0,35722,115063,68f20f4,
rakudo.moar,2015-08-10,100.00%,0d72d2b,118702,5,816,1386,120907,119948,68f20f4,
rakudo.jvm,2015-08-08,00.00%,e7f5bb7,0,35711,0,0,35711,115051,b527b31,
rakudo.moar,2015-08-08,100.00%,e7f5bb7,118704,4,802,1385,120895,119936,b527b31,
rakudo.jvm,2015-08-08,31.28%,9ba702f,37076,1087,779,1394,40336,117938,1a3f1a2,
rakudo.moar,2015-08-08,100.00%,9ba702f,118518,156,774,1378,120826,119868,1a3f1a2,
rakudo.jvm,2015-08-07,31.28%,a93ea8e,37076,1087,779,1394,40336,117937,7200905,
rakudo.moar,2015-08-07,100.00%,a93ea8e,118518,156,774,1378,120826,119867,7200905,
rakudo.jvm,2015-08-06,32.85%,d2d4f7a,38978,559,806,1496,41839,119440,0dcbba7,
rakudo.moar,2015-08-06,100.00%,d2d4f7a,118648,4,791,1385,120828,119869,0dcbba7,
rakudo.jvm,2015-08-05,32.81%,cdbf63e,38891,559,798,1491,41739,119437,5da3237,
rakudo.moar,2015-08-05,100.00%,cdbf63e,118530,34,783,1381,120728,119866,5da3237,
rakudo.jvm,2015-08-04,32.80%,235a8c9,38865,560,795,1491,41711,119409,a38b59c,
rakudo.moar,2015-08-04,100.00%,235a8c9,118503,36,781,1380,120700,119838,a38b59c,
rakudo.jvm,2015-08-03,32.79%,b60e0a8,38858,559,796,1491,41704,119402,d8fa568,
rakudo.moar,2015-08-03,100.00%,b60e0a8,118495,36,782,1380,120693,119831,d8fa568,
rakudo.jvm,2015-08-02,32.79%,4ebfad3,38857,559,796,1491,41703,119401,d8fa568,
rakudo.moar,2015-08-02,100.00%,4ebfad3,118495,34,782,1381,120692,119830,d8fa568,
rakudo.jvm,2015-08-01,32.79%,1879617,38857,559,796,1491,41703,119304,5d9306d,
rakudo.moar,2015-08-01,100.00%,1879617,118495,35,782,1380,120692,119733,5d9306d,
rakudo.jvm,2015-07-31,32.79%,f205c13,38856,557,796,1491,41700,119301,31a083f,
rakudo.moar,2015-07-31,100.00%,f205c13,118493,32,783,1381,120689,119730,31a083f,
rakudo.jvm,2015-07-30,32.62%,74d1cb1,38646,750,799,1490,41685,119286,f7cdcd9,
rakudo.moar,2015-07-30,100.00%,74d1cb1,118476,32,786,1380,120674,119715,f7cdcd9,
rakudo.jvm,2015-07-29,32.62%,e6487c5,38646,750,799,1490,41685,119286,3e88cf2,
rakudo.moar,2015-07-29,100.00%,e6487c5,118475,34,786,1379,120674,119715,3e88cf2,
rakudo.jvm,2015-07-28,32.61%,687df77,38622,750,804,1499,41675,119277,174049f,
rakudo.moar,2015-07-28,100.00%,687df77,118452,32,791,1389,120664,119706,174049f,
rakudo.jvm,2015-07-27,32.61%,e4b422f,38622,750,804,1498,41674,119276,ed945eb,
rakudo.moar,2015-07-27,100.00%,e4b422f,118452,32,791,1388,120663,119705,ed945eb,
rakudo.jvm,2015-07-26,32.58%,29aa880,38595,772,803,1495,41665,119267,6bbb56f,
rakudo.moar,2015-07-26,100.00%,29aa880,118445,32,789,1388,120654,119696,6bbb56f,
rakudo.jvm,2015-07-25,32.60%,fe6e70f,38617,748,804,1495,41664,119266,81ad2c0,
rakudo.moar,2015-07-25,100.00%,fe6e70f,118444,32,789,1388,120653,119695,81ad2c0,
rakudo.jvm,2015-07-24,32.56%,10e7faf,38567,800,801,1494,41662,119264,43e4bf6,
rakudo.moar,2015-07-24,100.00%,10e7faf,118433,40,789,1389,120651,119693,43e4bf6,
rakudo.jvm,2015-07-23,32.57%,bcc7651,38570,777,802,1493,41642,119244,43a2cee,
rakudo.moar,2015-07-23,100.00%,bcc7651,118413,41,789,1388,120631,119673,43a2cee,
rakudo.jvm,2015-07-22,32.56%,a673b4f,38547,791,810,1494,41642,119244,e41624e,
rakudo.moar,2015-07-22,100.00%,a673b4f,118405,40,797,1389,120631,119673,e41624e,
rakudo.jvm,2015-07-21,32.81%,6277a01,38756,274,800,1519,41349,119227,f90dfc9,
rakudo.moar,2015-07-21,100.00%,6277a01,118110,39,776,1413,120338,119656,f90dfc9,
rakudo.jvm,2015-07-20,32.82%,564b3b6,38764,260,802,1519,41345,119223,4b5e196,
rakudo.moar,2015-07-20,100.00%,564b3b6,118104,39,778,1413,120334,119652,4b5e196,
rakudo.jvm,2015-07-19,32.81%,564b3b6,38755,269,802,1519,41345,119223,4b5e196,
rakudo.moar,2015-07-19,100.00%,564b3b6,118104,39,778,1413,120334,119652,4b5e196,
rakudo.jvm,2015-07-18,32.81%,a8a86ef,38742,267,803,1521,41333,119211,48c0ba5,
rakudo.moar,2015-07-18,100.00%,a8a86ef,118089,39,779,1415,120322,119640,48c0ba5,
rakudo.jvm,2015-07-17,32.80%,91bd47e,38734,267,803,1521,41325,119203,b606f9f,
rakudo.moar,2015-07-17,100.00%,91bd47e,118081,39,779,1415,120314,119632,b606f9f,
rakudo.jvm,2015-07-16,32.80%,91bd47e,38734,267,803,1521,41325,119203,89847f8,
rakudo.moar,2015-07-16,100.00%,91bd47e,118081,39,779,1415,120314,119632,89847f8,
rakudo.jvm,2015-07-15,32.97%,f94e52b,38922,63,804,1521,41310,119187,8957fc5,
rakudo.moar,2015-07-15,100.00%,f94e52b,118064,39,780,1415,120298,119616,8957fc5,
rakudo.jvm,2015-07-14,32.96%,db20bc7,38918,64,804,1521,41307,119184,533d1a9,
rakudo.moar,2015-07-14,100.00%,db20bc7,118061,39,780,1415,120295,119613,533d1a9,
rakudo.jvm,2015-07-13,32.96%,4c85334,38918,64,804,1521,41307,119184,2e612ac,
rakudo.moar,2015-07-13,100.00%,4c85334,118061,39,780,1415,120295,119613,2e612ac,
rakudo.jvm,2015-07-12,32.97%,4c85334,38919,63,804,1521,41307,119184,81d1738,
rakudo.moar,2015-07-12,100.00%,4c85334,118061,39,780,1415,120295,119613,81d1738,
rakudo.jvm,2015-07-11,32.84%,e26327b,38697,63,797,1521,41078,118955,97ebe47,
rakudo.moar,2015-07-11,100.00%,e26327b,117839,39,773,1415,120066,119384,97ebe47,
rakudo.jvm,2015-07-10,32.79%,865092a,38616,64,794,1521,40995,118872,3bdd0af,
rakudo.moar,2015-07-10,100.00%,865092a,117759,39,770,1415,119983,119301,3bdd0af,
rakudo.jvm,2015-07-09,32.77%,1c8e5ab,38575,60,794,1539,40968,118845,3776723,
rakudo.moar,2015-07-09,100.00%,1c8e5ab,117717,39,772,1428,119956,119274,3776723,
rakudo.jvm,2015-07-08,32.69%,bc052ef,38473,160,789,1538,40960,118837,3899982,
rakudo.moar,2015-07-08,100.00%,bc052ef,117704,44,772,1428,119948,119266,3899982,
rakudo.jvm,2015-07-07,32.64%,b07221d,38399,158,786,1544,40887,118494,6e425fd,
rakudo.moar,2015-07-07,100.00%,b07221d,117639,39,769,1428,119875,118923,6e425fd,
rakudo.jvm,2015-07-06,32.46%,21b7ed5,38087,170,790,1545,40592,118199,5919a84,
rakudo.moar,2015-07-06,100.00%,21b7ed5,117326,52,773,1429,119580,118628,5919a84,
rakudo.jvm,2015-07-05,31.92%,00ea8c8,37148,170,790,1545,39653,117260,37b5793,
rakudo.moar,2015-07-05,100.00%,00ea8c8,116387,52,773,1429,118641,117689,37b5793,
rakudo.jvm,2015-07-04,31.70%,974e459,36728,75,794,1546,39143,116750,362c456,
rakudo.moar,2015-07-04,100.00%,974e459,115875,54,773,1429,118131,117179,362c456,
rakudo.jvm,2015-07-03,31.70%,974e459,36730,73,794,1546,39143,116750,c93ba94,
rakudo.moar,2015-07-03,100.00%,974e459,115877,52,773,1429,118131,117179,c93ba94,
rakudo.jvm,2015-07-02,31.69%,974e459,36722,81,794,1546,39143,116750,9b4463d,
rakudo.moar,2015-07-02,100.00%,974e459,115877,52,773,1429,118131,117179,9b4463d,
rakudo.jvm,2015-07-02,31.58%,58afbdf,36591,216,793,1543,39143,116750,1ea7b37,
rakudo.moar,2015-07-02,100.00%,58afbdf,115877,52,773,1429,118131,117179,1ea7b37,
rakudo.jvm,2015-07-02,30.05%,58afbdf,34821,592,786,1443,37642,115249,a92a407,
rakudo.moar,2015-07-02,100.00%,58afbdf,115890,39,773,1429,118131,117179,a92a407,
rakudo.jvm,2015-07-01,30.06%,f0e859a,34835,584,782,1443,37644,115251,7c35c5e,
rakudo.moar,2015-07-01,100.00%,f0e859a,115895,40,769,1429,118133,117181,7c35c5e,
rakudo.jvm,2015-06-30,30.05%,10a658d,34819,585,782,1455,37641,115248,7b5256b,
rakudo.moar,2015-06-30,100.00%,10a658d,115880,40,769,1441,118130,117178,7b5256b,
rakudo.jvm,2015-06-29,30.14%,85c3253,34917,447,783,1458,37605,115215,24236f4,
rakudo.moar,2015-06-29,100.00%,85c3253,115844,39,770,1441,118094,117145,24236f4,
rakudo.jvm,2015-06-29,30.10%,9a4daf7,34866,500,782,1457,37605,115215,367b581,
rakudo.moar,2015-06-29,100.00%,9a4daf7,115819,65,769,1441,118094,117145,367b581,
rakudo.jvm,2015-06-28,30.09%,6ecf415,34840,499,781,1457,37577,115187,4cfec0c,
rakudo.moar,2015-06-28,100.00%,6ecf415,115793,64,768,1441,118066,117117,4cfec0c,
rakudo.jvm,2015-06-27,30.10%,36bb218,34860,473,783,1457,37573,115182,acaeb17,
rakudo.moar,2015-06-27,100.00%,36bb218,115810,40,770,1441,118061,117112,acaeb17,
rakudo.jvm,2015-06-27,30.16%,36bb218,34859,474,783,1457,37573,115182,0ff4557,
rakudo.moar,2015-06-27,100.00%,36bb218,115583,301,739,1438,118061,117112,0ff4557,
rakudo.jvm,2015-06-27,30.16%,36bb218,34858,475,783,1457,37573,115182,91212c7,
rakudo.moar,2015-06-27,100.00%,36bb218,115584,300,739,1438,118061,117112,91212c7,
rakudo.jvm,2015-06-26,31.68%,93edb02,36693,9,801,1558,39061,116675,f9dca91,
rakudo.moar,2015-06-26,100.00%,93edb02,115829,8,775,1441,118053,117104,f9dca91,
rakudo.jvm,2015-06-25,31.67%,a7b55f7,36683,9,798,1558,39048,116662,9e66416,
rakudo.moar,2015-06-25,100.00%,a7b55f7,115819,8,772,1441,118040,117091,9e66416,
rakudo.jvm,2015-06-24,31.67%,63eb5fe,36680,9,799,1538,39026,116637,2ec5634,
rakudo.moar,2015-06-24,100.00%,63eb5fe,115816,8,773,1421,118018,117066,2ec5634,
rakudo.jvm,2015-06-23,31.65%,e963792,36642,11,799,1541,38993,116606,eb39888,
rakudo.moar,2015-06-23,100.00%,e963792,115780,8,773,1424,117985,117035,eb39888,
rakudo.jvm,2015-06-22,31.65%,a9f6adf,36637,11,798,1541,38987,116600,8276cee,
rakudo.moar,2015-06-22,100.00%,a9f6adf,115775,8,772,1424,117979,117029,8276cee,
rakudo.jvm,2015-06-20,00.00%,cad696a,0,34881,0,0,34881,114229,de76003,
rakudo.moar,2015-06-20,100.00%,cad696a,115767,8,772,1429,117976,117026,de76003,
rakudo.jvm,2015-06-20,31.64%,7a175ae,36625,1,798,1549,38973,116586,d474242,
rakudo.moar,2015-06-20,100.00%,7a175ae,115762,0,771,1432,117965,117015,d474242,
rakudo.jvm,2015-06-19,31.64%,0867f11,36619,1,797,1549,38966,116575,df0c3a3,
rakudo.moar,2015-06-19,100.00%,0867f11,115751,0,771,1432,117954,117004,df0c3a3,
rakudo.jvm,2015-06-18,31.63%,e9694a7,36617,1,795,1551,38964,116573,02c791e,
rakudo.moar,2015-06-18,100.00%,e9694a7,115750,0,768,1434,117952,117002,02c791e,
rakudo.jvm,2015-06-17,31.63%,ff2dc70,36614,2,795,1551,38962,116571,d6430c1,
rakudo.moar,2015-06-17,100.00%,ff2dc70,115747,1,768,1434,117950,117000,d6430c1,
rakudo.jvm,2015-06-16,31.63%,ff2dc70,36614,2,795,1551,38962,116571,28a7697,
rakudo.moar,2015-06-16,100.00%,ff2dc70,115747,1,768,1434,117950,117000,28a7697,
rakudo.jvm,2015-06-15,31.62%,966e2b4,36596,3,796,1551,38946,116555,7fc0782,
rakudo.moar,2015-06-15,100.00%,966e2b4,115730,1,769,1434,117934,116984,7fc0782,
rakudo.jvm,2015-06-14,31.62%,4dd5f13,36595,2,795,1548,38940,116549,9c8cb67,
rakudo.moar,2015-06-14,100.00%,4dd5f13,115728,1,768,1431,117928,116978,9c8cb67,
rakudo.jvm,2015-06-13,31.62%,4dd5f13,36595,2,795,1548,38940,116549,af886d1,
rakudo.moar,2015-06-13,100.00%,4dd5f13,115728,1,768,1431,117928,116978,af886d1,
rakudo.jvm,2015-06-12,31.53%,4dd5f13,36436,171,785,1548,38940,116549,aa79616,
rakudo.moar,2015-06-12,100.00%,4dd5f13,115569,170,758,1431,117928,116978,aa79616,
rakudo.jvm,2015-06-11,31.61%,aceeb7c,36582,1,795,1548,38926,116564,2b2a1a1,
rakudo.moar,2015-06-11,100.00%,aceeb7c,115715,0,768,1431,117914,116993,2b2a1a1,
rakudo.jvm,2015-06-10,31.61%,3b3af27,36582,1,795,1548,38926,116564,80f8efc,
rakudo.moar,2015-06-10,100.00%,3b3af27,115714,0,769,1431,117914,116993,80f8efc,
rakudo.jvm,2015-06-09,31.61%,60dd9f8,36581,1,795,1548,38925,116563,2281689,
rakudo.moar,2015-06-09,100.00%,60dd9f8,115713,0,769,1431,117913,116992,2281689,
rakudo.jvm,2015-06-08,31.61%,5486205,36578,4,795,1548,38925,116563,442a567,
rakudo.moar,2015-06-08,100.00%,5486205,115710,3,769,1431,117913,116992,442a567,
rakudo.jvm,2015-06-06,00.00%,d9ebe60,0,34851,0,0,34851,114195,ac720ed,
rakudo.moar,2015-06-06,100.00%,d9ebe60,115703,10,769,1431,117913,116992,ac720ed,
rakudo.jvm,2015-06-06,31.61%,5f50466,36576,8,795,1571,38950,116592,97b27a5,
rakudo.moar,2015-06-06,100.00%,5f50466,115709,0,770,1459,117938,117021,97b27a5,
rakudo.jvm,2015-06-05,31.63%,76e600f,36574,8,795,1569,38946,116583,51cccca,
rakudo.moar,2015-06-05,100.00%,76e600f,115636,75,761,1457,117929,117012,51cccca,
rakudo.jvm,2015-06-04,31.62%,08b7bd4,36563,8,795,1570,38936,116573,277fcc1,
rakudo.moar,2015-06-04,100.00%,08b7bd4,115625,75,761,1458,117919,117002,277fcc1,
rakudo.jvm,2015-06-03,31.30%,c2effba,35929,8,796,1542,38275,116573,a2305eb,
rakudo.moar,2015-06-03,100.00%,c2effba,114777,319,740,1422,117258,117002,a2305eb,
rakudo.jvm,2015-06-02,31.24%,c2effba,35929,8,796,1542,38275,116573,73480ff,
rakudo.moar,2015-06-02,100.00%,c2effba,114995,70,763,1430,117258,117002,73480ff,
rakudo.jvm,2015-06-01,31.24%,c2effba,35929,8,796,1542,38275,116573,94eed8f,
rakudo.moar,2015-06-01,100.00%,c2effba,114999,66,763,1430,117258,117002,94eed8f,
rakudo.jvm,2015-05-31,31.25%,86ed3a6,35929,8,796,1542,38275,116573,fffe76c,
rakudo.moar,2015-05-31,100.00%,86ed3a6,114991,75,762,1430,117258,117002,fffe76c,
rakudo.jvm,2015-05-30,31.22%,fce5bf9,35890,0,796,1541,38227,116572,c189a6e,
rakudo.moar,2015-05-30,100.00%,fce5bf9,114958,71,762,1419,117210,117001,c189a6e,
rakudo.jvm,2015-05-29,31.22%,1c19fa4,35888,0,796,1541,38225,116551,d841d4e,
rakudo.moar,2015-05-29,100.00%,1c19fa4,114948,75,761,1424,117208,116980,d841d4e,
rakudo.jvm,2015-05-28,00.00%,5844f9c,0,34147,0,0,34147,114179,079de37,
rakudo.moar,2015-05-28,100.00%,5844f9c,114946,75,761,1424,117206,116978,079de37,
rakudo.jvm,2015-05-27,31.20%,0be89df,35849,0,796,1541,38186,116512,a20619a,
rakudo.moar,2015-05-27,100.00%,0be89df,114909,75,761,1424,117169,116941,a20619a,
rakudo.jvm,2015-05-26,31.20%,ac62893,35848,0,796,1542,38186,116512,d5eabd4,
rakudo.moar,2015-05-26,100.00%,ac62893,114908,75,761,1425,117169,116941,d5eabd4,
rakudo.jvm,2015-05-25,29.79%,e1ee43f,34233,1671,769,1505,38178,116504,bfbf833,
rakudo.moar,2015-05-25,100.00%,e1ee43f,114896,75,762,1428,117161,116933,bfbf833,
rakudo.jvm,2015-05-24,31.19%,55dbaf4,35836,0,797,1545,38178,116504,800f703,
rakudo.moar,2015-05-24,100.00%,55dbaf4,114896,75,762,1428,117161,116933,800f703,
rakudo.jvm,2015-05-23,31.19%,f160dec,35835,0,795,1547,38177,116503,e1cc780,
rakudo.moar,2015-05-23,100.00%,f160dec,114895,75,760,1430,117160,116932,e1cc780,
rakudo.jvm,2015-05-22,31.19%,a30ffc1,35835,32,789,1547,38203,116503,1d803b8,
rakudo.moar,2015-05-22,100.00%,a30ffc1,114905,75,760,1430,117170,116932,1d803b8,
rakudo.jvm,2015-05-21,31.19%,9cf2c1c,35833,32,790,1548,38203,116503,34788bf,
rakudo.moar,2015-05-21,100.00%,9cf2c1c,114903,75,761,1431,117170,116932,34788bf,
rakudo.jvm,2015-05-20,31.19%,709e414,35843,32,790,1548,38213,116390,97b4db0,
rakudo.moar,2015-05-20,100.00%,709e414,114913,75,761,1431,117180,116819,97b4db0,
rakudo.jvm,2015-05-19,28.91%,1ceff32,33224,2800,690,1501,38215,116392,563abdd,
rakudo.moar,2015-05-19,100.00%,1ceff32,114915,75,761,1431,117182,116821,563abdd,
rakudo.jvm,2015-05-18,31.18%,d821762,35832,32,787,1548,38199,116386,88b1203,
rakudo.moar,2015-05-18,100.00%,d821762,114902,75,758,1431,117166,116815,88b1203,
rakudo.jvm,2015-05-17,31.17%,5afa999,35817,76,786,1520,38199,116386,580ede2,
rakudo.moar,2015-05-17,100.00%,5afa999,114899,94,758,1415,117166,116815,580ede2,
rakudo.jvm,2015-05-16,31.17%,6a2e1fa,35816,75,786,1522,38199,116388,0a9a631,
rakudo.moar,2015-05-16,100.00%,6a2e1fa,114896,95,758,1417,117166,116817,0a9a631,
rakudo.jvm,2015-05-15,31.18%,de2e5ea,35816,62,787,1542,38207,116396,e8fdad7,
rakudo.moar,2015-05-15,100.00%,de2e5ea,114884,94,759,1437,117174,116825,e8fdad7,
rakudo.jvm,2015-05-14,30.68%,0e6aac0,35181,688,786,1532,38187,116380,8e8936b,
rakudo.moar,2015-05-14,100.00%,0e6aac0,114681,19,738,1437,116875,116530,8e8936b,
rakudo.jvm,2015-05-13,30.64%,f6f218b,35119,750,786,1519,38174,116380,68c432e,
rakudo.moar,2015-05-13,100.00%,f6f218b,114619,81,738,1424,116862,116530,68c432e,
rakudo.jvm,2015-05-12,30.64%,ffe2c59,35113,743,781,1452,38089,116384,536c26f,
rakudo.moar,2015-05-12,100.00%,ffe2c59,114603,81,733,1360,116777,116534,536c26f,
rakudo.jvm,2015-05-11,31.32%,27cb51d,35683,152,782,1447,38064,116362,ace270c,
rakudo.moar,2015-05-11,100.00%,27cb51d,113932,734,728,1343,116737,116512,ace270c,
rakudo.jvm,2015-05-10,31.16%,102b5b5,35687,113,776,1446,38022,116358,176f778,
rakudo.moar,2015-05-10,100.00%,102b5b5,114526,82,724,1348,116680,116508,176f778,
rakudo.jvm,2015-05-09,31.08%,692d7be,35592,113,774,1542,38021,116354,9c543b5,
rakudo.moar,2015-05-09,100.00%,692d7be,114517,82,727,1353,116679,116504,9c543b5,
rakudo.jvm,2015-05-08,31.06%,c719c99,35564,112,775,1550,38001,116333,89c43cc,
rakudo.moar,2015-05-08,100.00%,c719c99,114489,81,728,1361,116659,116483,89c43cc,
rakudo.jvm,2015-05-07,31.06%,2945c76,35563,112,775,1548,37998,116333,af823c9,
rakudo.moar,2015-05-07,100.00%,2945c76,114488,81,728,1359,116656,116483,af823c9,
rakudo.jvm,2015-05-06,31.05%,e252944,35536,112,773,1547,37968,116329,1763049,
rakudo.moar,2015-05-06,100.00%,e252944,114459,81,728,1358,116626,116479,1763049,
rakudo.jvm,2015-05-05,28.76%,db5a920,32915,2836,712,1505,37968,116329,198d9e7,
rakudo.moar,2015-05-05,100.00%,db5a920,114459,81,728,1358,116626,116479,198d9e7,
rakudo.jvm,2015-05-04,28.75%,8b6048b,32909,2836,714,1506,37965,116326,13dc82f,
rakudo.moar,2015-05-04,100.00%,8b6048b,114453,81,730,1359,116623,116476,13dc82f,
rakudo.jvm,2015-05-03,28.75%,36ef6bf,32906,2824,716,1506,37952,116319,56cae10,
rakudo.moar,2015-05-03,100.00%,36ef6bf,114440,81,730,1359,116610,116469,56cae10,
rakudo.jvm,2015-05-02,28.75%,e3fb0a3,32901,2830,716,1500,37947,116314,676c250,
rakudo.moar,2015-05-02,100.00%,e3fb0a3,114431,93,728,1353,116605,116464,676c250,
rakudo.jvm,2015-05-01,28.75%,d4f7aca,32895,2827,717,1500,37939,116304,c03f82d,
rakudo.moar,2015-05-01,100.00%,d4f7aca,114421,89,732,1353,116595,116454,c03f82d,
rakudo.jvm,2015-04-30,31.03%,55c98f8,35504,104,787,1542,37937,116302,bcf3f1c,
rakudo.moar,2015-04-30,100.00%,55c98f8,114415,82,743,1353,116593,116452,bcf3f1c,
rakudo.jvm,2015-04-29,31.03%,55c98f8,35505,103,787,1542,37937,116302,29ead06,
rakudo.moar,2015-04-29,100.00%,55c98f8,114416,81,743,1353,116593,116452,29ead06,
rakudo.jvm,2015-04-28,31.05%,0aae938,35544,43,791,1542,37920,116261,b6b180b,
rakudo.moar,2015-04-28,100.00%,0aae938,114456,19,748,1353,116576,116411,b6b180b,
rakudo.jvm,2015-04-27,31.05%,02522ce,35516,43,791,1542,37892,116233,df04346,
rakudo.moar,2015-04-27,100.00%,02522ce,114392,19,749,1388,116548,116383,df04346,
rakudo.jvm,2015-04-26,31.04%,28588a0,35501,43,790,1542,37876,116217,d0a84bc,
rakudo.moar,2015-04-26,100.00%,28588a0,114378,19,747,1388,116532,116367,d0a84bc,
rakudo.jvm,2015-04-25,31.02%,79a7dc0,35471,43,782,1539,37835,116176,14f6344,
rakudo.moar,2015-04-25,100.00%,79a7dc0,114335,19,750,1387,116491,116326,14f6344,
rakudo.jvm,2015-04-24,31.04%,589032b,35473,33,782,1548,37836,116133,897e235,
rakudo.moar,2015-04-24,100.00%,589032b,114267,19,757,1394,116437,116283,897e235,
rakudo.jvm,2015-04-23,31.02%,dc55cec,35437,61,780,1531,37809,116106,7bef4a3,
rakudo.moar,2015-04-23,100.00%,dc55cec,114235,25,758,1392,116410,116256,7bef4a3,
rakudo.jvm,2015-04-22,31.02%,f905674,35435,61,779,1531,37806,116103,a94d687,
rakudo.moar,2015-04-22,100.00%,f905674,114237,21,757,1392,116407,116253,a94d687,
rakudo.jvm,2015-04-21,31.01%,9d678a5,35426,59,774,1530,37789,116086,b629299,
rakudo.moar,2015-04-21,100.00%,9d678a5,114226,19,752,1393,116390,116236,b629299,
rakudo.jvm,2015-04-20,31.45%,78f18c3,35316,56,684,1516,37572,114254,5d707b6,
rakudo.moar,2015-04-20,100.00%,78f18c3,112276,19,662,1384,114341,114404,5d707b6,
rakudo.jvm,2015-04-19,31.45%,daf1198,35314,55,684,1517,37570,114252,1edd514,
rakudo.moar,2015-04-19,100.00%,daf1198,112274,19,662,1384,114339,114402,1edd514,
rakudo.jvm,2015-04-18,31.45%,1790997,35308,42,684,1461,37495,114223,a244887,
rakudo.moar,2015-04-18,100.00%,1790997,112268,6,662,1328,114264,114373,a244887,
rakudo.jvm,2015-04-17,31.45%,3c233f3,35305,15,689,1478,37487,114194,dd77b78,
rakudo.moar,2015-04-17,100.00%,3c233f3,112242,6,665,1328,114241,114344,dd77b78,
rakudo.jvm,2015-04-16,31.44%,13567f2,35286,15,688,1482,37471,114183,e1e71d3,
rakudo.moar,2015-04-16,100.00%,13567f2,112223,6,665,1331,114225,114333,e1e71d3,
rakudo.jvm,2015-04-16,31.44%,e1b2360,35285,15,688,1482,37470,114182,239d74f,
rakudo.moar,2015-04-16,100.00%,e1b2360,112222,6,665,1331,114224,114332,239d74f,
rakudo.jvm,2015-04-15,31.43%,6afe651,35273,15,700,1482,37470,114182,9862a14,
rakudo.moar,2015-04-15,100.00%,6afe651,112210,6,677,1331,114224,114332,9862a14,
rakudo.jvm,2015-04-14,31.43%,d962576,35273,18,702,1477,37470,114182,8b639ba,
rakudo.moar,2015-04-14,100.00%,d962576,112213,6,679,1326,114224,114332,8b639ba,
rakudo.jvm,2015-04-13,31.43%,d5b767c,35270,18,702,1478,37468,114180,8e96e4f,
rakudo.moar,2015-04-13,100.00%,d5b767c,112210,6,679,1327,114222,114330,8e96e4f,
rakudo.jvm,2015-04-11,00.00%,7c71d43,0,33344,0,0,33344,72600,2cb72b2,
rakudo.moar,2015-04-11,100.00%,7c71d43,35833,6,685,1328,37852,75122,2cb72b2,
rakudo.jvm,2015-04-11,98.30%,e35d2cf,35219,36,709,1477,37441,74826,0b20921,
rakudo.moar,2015-04-11,100.00%,e35d2cf,35828,31,684,1328,37871,74976,0b20921,
rakudo.jvm,2015-04-10,94.01%,8be2a7a,33704,1613,671,1448,37436,74824,0b7c5ba,
rakudo.moar,2015-04-10,100.00%,8be2a7a,35851,6,685,1324,37866,74974,0b7c5ba,
rakudo.jvm,2015-04-09,98.31%,c41a4e4,35211,4,709,1474,37398,56203,322d01b,
rakudo.moar,2015-04-09,100.00%,c41a4e4,35818,0,685,1325,37828,56353,322d01b,
rakudo.jvm,2015-04-08,98.31%,15e0300,35193,4,709,1471,37377,37601,d1ac6dd,
rakudo.moar,2015-04-08,100.00%,15e0300,35799,0,686,1322,37807,37751,d1ac6dd,
rakudo.jvm,2015-04-07,98.14%,8d44426,35131,61,710,1471,37373,37597,ae68631,
rakudo.moar,2015-04-07,100.00%,8d44426,35795,0,686,1322,37803,37747,ae68631,
rakudo.jvm,2015-04-06,98.14%,0bd84e5,35045,151,703,1469,37368,37592,143f621,
rakudo.moar,2015-04-06,100.00%,0bd84e5,35709,90,679,1320,37798,37742,143f621,
rakudo.jvm,2015-04-05,98.14%,7bb87ca,35123,61,706,1471,37361,37585,07bf03b,
rakudo.moar,2015-04-05,100.00%,7bb87ca,35787,0,682,1322,37791,37735,07bf03b,
rakudo.jvm,2015-04-04,98.14%,cc2c90b,35112,73,705,1471,37361,37585,4162768,
rakudo.moar,2015-04-04,100.00%,cc2c90b,35776,12,681,1322,37791,37735,4162768,
rakudo.jvm,2015-04-03,98.14%,ad98ada,35123,61,706,1471,37361,37585,d4fd249,
rakudo.moar,2015-04-03,100.00%,ad98ada,35787,0,682,1322,37791,37735,d4fd249,
rakudo.jvm,2015-04-02,98.14%,849f96c,35121,61,706,1471,37359,37583,6caf1d4,
rakudo.moar,2015-04-02,100.00%,849f96c,35785,0,682,1322,37789,37733,6caf1d4,
rakudo.jvm,2015-04-01,98.14%,849f96c,35121,61,706,1471,37359,37583,f65ba97,
rakudo.moar,2015-04-01,100.00%,849f96c,35785,0,682,1322,37789,37733,f65ba97,
rakudo.jvm,2015-03-31,98.32%,346e879,35077,0,693,1469,37239,37571,64fe6c5,
rakudo.moar,2015-03-31,100.00%,346e879,35678,0,669,1322,37669,37721,64fe6c5,
rakudo.jvm,2015-03-30,98.31%,13fb4a5,35077,1,693,1469,37240,37572,ee7a375,
rakudo.moar,2015-03-30,100.00%,13fb4a5,35679,0,669,1322,37670,37722,ee7a375,
rakudo.jvm,2015-03-29,98.31%,a23f42d,35034,0,685,1469,37188,37520,79bf15a,
rakudo.moar,2015-03-29,100.00%,a23f42d,35635,0,661,1322,37618,37670,79bf15a,
rakudo.jvm,2015-03-28,93.57%,9f9fd05,33329,3,686,1383,35401,35739,fb991be,
rakudo.moar,2015-03-28,100.00%,9f9fd05,35619,0,662,1328,37609,37656,fb991be,
rakudo.jvm,2015-03-27,93.58%,eca749d,33327,0,684,1383,35394,35732,dd13105,
rakudo.moar,2015-03-27,100.00%,eca749d,35614,0,660,1328,37602,37649,dd13105,
rakudo.jvm,2015-03-26,93.57%,311cf9d,33322,1,684,1383,35390,35728,9746e88,
rakudo.moar,2015-03-26,100.00%,311cf9d,35610,0,660,1328,37598,37645,9746e88,
rakudo.jvm,2015-03-25,93.58%,311cf9d,33323,0,684,1383,35390,35728,9746e88,
rakudo.moar,2015-03-25,100.00%,311cf9d,35609,1,660,1328,37598,37645,9746e88,
rakudo.jvm,2015-03-24,93.58%,311cf9d,33323,0,684,1383,35390,35728,9b5d4e2,
rakudo.moar,2015-03-24,100.00%,311cf9d,35610,0,660,1328,37598,37645,9b5d4e2,
rakudo.jvm,2015-03-23,93.57%,59876b1,33269,0,690,1383,35342,35680,af6bd02,
rakudo.moar,2015-03-23,100.00%,59876b1,35556,0,666,1328,37550,37597,af6bd02,
rakudo.jvm,2015-03-22,83.79%,0cbceec,29781,1985,665,1348,33768,35680,0e56328,
rakudo.moar,2015-03-22,100.00%,0cbceec,35541,0,666,1343,37550,37597,0e56328,
rakudo.jvm,2015-03-21,93.53%,9416576,33221,6,682,1371,35280,35675,179d453,
rakudo.moar,2015-03-21,100.00%,9416576,35519,0,666,1327,37512,37592,179d453,
rakudo.jvm,2015-03-20,93.55%,ee85002,33222,0,682,1372,35276,35663,637a613,
rakudo.moar,2015-03-20,100.00%,ee85002,35514,0,666,1328,37508,37580,637a613,
rakudo.jvm,2015-03-19,93.91%,bf91b2b,33237,9,687,1367,35300,35662,b9d6d3e,
rakudo.moar,2015-03-19,100.00%,bf91b2b,35392,0,670,1320,37382,37429,b9d6d3e,
rakudo.jvm,2015-03-18,93.89%,98ab70b,33181,9,685,1362,35237,35599,3c46c70,
rakudo.moar,2015-03-18,100.00%,98ab70b,35340,0,664,1315,37319,37366,3c46c70,
rakudo.jvm,2015-03-17,94.01%,6f15520,33159,262,706,1361,35488,35839,67156c1,
rakudo.moar,2015-03-17,100.00%,6f15520,35271,1,664,1230,37166,37213,67156c1,
rakudo.jvm,2015-03-16,97.88%,1ec9d7e,33155,234,709,1363,35461,35812,997afa3,
rakudo.moar,2015-03-16,100.00%,1ec9d7e,33874,0,669,1222,35765,35812,997afa3,
rakudo.jvm,2015-03-15,97.87%,9766555,33148,235,709,1363,35455,35806,9b295bc,
rakudo.moar,2015-03-15,100.00%,9766555,33868,0,669,1222,35759,35806,9b295bc,
rakudo.jvm,2015-03-14,98.04%,b129356,33145,223,709,1363,35440,35791,6c78f03,
rakudo.moar,2015-03-14,100.00%,b129356,33807,0,669,1222,35698,35791,6c78f03,
rakudo.jvm,2015-03-13,98.53%,9c90d8a,33011,9,709,1363,35092,35443,9411a79,
rakudo.moar,2015-03-13,100.00%,9c90d8a,33505,1,668,1222,35396,35443,9411a79,
rakudo.jvm,2015-03-12,98.51%,b80e436,32962,17,718,1358,35055,35406,7b153f5,
rakudo.moar,2015-03-12,100.00%,b80e436,33460,0,677,1222,35359,35406,7b153f5,
rakudo.jvm,2015-03-11,98.51%,6c3d4d7,32961,17,717,1358,35053,35404,418c1f3,
rakudo.moar,2015-03-11,100.00%,6c3d4d7,33459,0,676,1222,35357,35404,418c1f3,
rakudo.jvm,2015-03-10,98.51%,bcbe584,32946,17,724,1357,35044,35395,a49900a,
rakudo.moar,2015-03-10,100.00%,bcbe584,33444,9,674,1221,35348,35395,a49900a,
rakudo.jvm,2015-03-10,98.51%,bcbe584,32946,17,724,1357,35044,35395,a49900a,
rakudo.moar,2015-03-10,100.00%,bcbe584,33444,9,674,1221,35348,35395,a49900a,
rakudo.jvm,2015-03-09,97.73%,8935b10,32689,273,724,1357,35043,35393,0813412,
rakudo.moar,2015-03-09,100.00%,8935b10,33449,1,676,1221,35347,35393,0813412,
rakudo.jvm,2015-03-08,97.73%,f3b7e45,32696,301,715,1343,35055,35405,67b7ba1,
rakudo.moar,2015-03-08,100.00%,f3b7e45,33454,31,667,1207,35359,35405,67b7ba1,
rakudo.jvm,2015-03-07,97.73%,c61b5ba,32699,272,727,1357,35055,35405,a9e5ae7,
rakudo.moar,2015-03-07,100.00%,c61b5ba,33458,1,679,1221,35359,35405,a9e5ae7,
rakudo.jvm,2015-03-06,97.73%,71f241e,32691,273,731,1357,35052,35402,d3ba345,
rakudo.moar,2015-03-06,100.00%,71f241e,33451,1,683,1221,35356,35402,d3ba345,
rakudo.jvm,2015-03-05,98.48%,c978a87,32945,19,731,1357,35052,35402,30df1a3,
rakudo.moar,2015-03-05,100.00%,c978a87,33452,0,683,1221,35356,35402,30df1a3,
rakudo.jvm,2015-03-04,98.48%,0f47ac7,32938,19,731,1357,35045,35395,aa62fde,
rakudo.moar,2015-03-04,100.00%,0f47ac7,33445,0,683,1221,35349,35395,aa62fde,
rakudo.jvm,2015-03-03,98.55%,c3d0fa4,32886,8,681,1409,34984,35389,cb7ded3,
rakudo.moar,2015-03-03,100.00%,c3d0fa4,33371,0,626,1275,35272,35389,cb7ded3,
rakudo.jvm,2015-03-02,98.54%,8022cc3,32876,8,684,1410,34978,35383,28fddba,
rakudo.moar,2015-03-02,100.00%,8022cc3,33363,0,627,1276,35266,35383,28fddba,
rakudo.jvm,2015-03-01,98.56%,c5379ec,32744,0,687,1412,34843,35372,9d41570,
rakudo.moar,2015-03-01,100.00%,c5379ec,33223,2,628,1278,35131,35372,9d41570,
rakudo.jvm,2015-02-28,98.55%,3dbd986,32729,0,689,1419,34837,35366,11ae56e,
rakudo.moar,2015-02-28,100.00%,3dbd986,33210,0,630,1285,35125,35366,11ae56e,
rakudo.jvm,2015-02-27,98.55%,951c24e,32725,0,690,1413,34828,35357,a15a916,
rakudo.moar,2015-02-27,100.00%,951c24e,33206,1,631,1278,35116,35357,a15a916,
rakudo.jvm,2015-02-26,98.55%,40180a9,32719,0,689,1413,34821,35350,3607d7b,
rakudo.moar,2015-02-26,100.00%,40180a9,33200,1,630,1278,35109,35350,3607d7b,
rakudo.jvm,2015-02-25,98.55%,d39c6dc,32718,0,688,1413,34819,35224,546000b,
rakudo.moar,2015-02-25,100.00%,d39c6dc,33199,1,629,1278,35107,35224,546000b,
rakudo.jvm,2015-02-24,98.55%,5fec139,32717,1,688,1413,34819,35224,0966e98,
rakudo.moar,2015-02-24,100.00%,5fec139,33198,2,629,1278,35107,35224,0966e98,
rakudo.jvm,2015-02-23,98.56%,5dd29d5,32715,0,688,1413,34816,35221,d850a9a,
rakudo.moar,2015-02-23,100.00%,5dd29d5,33194,3,629,1278,35104,35221,d850a9a,
rakudo.moar,2015-02-21,100.00%,f3a8568,33191,0,631,1278,35100,35217,232601a,
rakudo.jvm,2015-02-20,98.56%,aa5202f,32682,0,690,1413,34785,35217,9a75383,
rakudo.moar,2015-02-20,100.00%,aa5202f,33161,3,631,1278,35073,35217,9a75383,
rakudo.jvm,2015-02-19,98.55%,aaa9a03,32704,1,690,1413,34808,35213,50e3214,
rakudo.moar,2015-02-19,100.00%,aaa9a03,33186,1,631,1278,35096,35213,50e3214,
rakudo.parrot,2015-02-19,96.58%,aaa9a03,32052,0,621,1433,34106,35213,50e3214,
rakudo.jvm,2015-02-18,98.55%,deaf607,32705,0,690,1413,34808,35213,9add92b,
rakudo.moar,2015-02-18,100.00%,deaf607,33186,1,631,1278,35096,35213,9add92b,
rakudo.parrot,2015-02-18,96.58%,deaf607,32052,0,621,1433,34106,35213,9add92b,
rakudo.jvm,2015-02-17,98.55%,36978a5,32701,0,690,1413,34804,35209,96eb9dc,
rakudo.moar,2015-02-17,100.00%,36978a5,33181,1,632,1278,35092,35209,96eb9dc,
rakudo.parrot,2015-02-17,96.59%,36978a5,32048,0,621,1433,34102,35209,96eb9dc,
rakudo.jvm,2015-02-16,98.55%,928ad9b,32700,0,691,1413,34804,35209,5ba2c86,
rakudo.moar,2015-02-16,100.00%,928ad9b,33181,1,632,1278,35092,35209,5ba2c86,
rakudo.parrot,2015-02-16,96.58%,928ad9b,32047,0,622,1433,34102,35209,5ba2c86,
rakudo.jvm,2015-02-14,98.54%,c66e341,32678,5,686,1414,34783,35188,fec2339,
rakudo.moar,2015-02-14,100.00%,c66e341,33162,3,627,1279,35071,35188,fec2339,
rakudo.parrot,2015-02-14,96.58%,c66e341,32029,0,618,1434,34081,35188,fec2339,
rakudo.jvm,2015-02-13,98.55%,c66e341,32682,1,686,1414,34783,35188,e2b01fe,
rakudo.moar,2015-02-13,100.00%,c66e341,33163,2,627,1279,35071,35188,e2b01fe,
rakudo.parrot,2015-02-13,96.58%,c66e341,32029,0,618,1434,34081,35188,e2b01fe,
rakudo.jvm,2015-02-12,98.55%,e650e93,32681,0,688,1416,34785,35190,2f7046f,
rakudo.moar,2015-02-12,100.00%,e650e93,33163,0,629,1281,35073,35190,2f7046f,
rakudo.parrot,2015-02-12,96.57%,e650e93,32027,0,620,1436,34083,35190,2f7046f,
rakudo.jvm,2015-02-11,98.55%,0830070,32679,0,688,1416,34783,35188,f53a94d,
rakudo.moar,2015-02-11,100.00%,0830070,33161,0,629,1281,35071,35188,f53a94d,
rakudo.parrot,2015-02-11,96.57%,0830070,32025,0,620,1436,34081,35188,f53a94d,
rakudo.jvm,2015-02-10,98.55%,cf760b1,32677,0,688,1416,34781,35186,7b39dad,
rakudo.moar,2015-02-10,100.00%,cf760b1,33159,0,629,1281,35069,35186,7b39dad,
rakudo.parrot,2015-02-10,96.57%,cf760b1,32023,0,620,1436,34079,35186,7b39dad,
rakudo.jvm,2015-02-09,98.55%,07a6ec3,32665,0,687,1416,34768,35173,d9f58f1,
rakudo.moar,2015-02-09,100.00%,07a6ec3,33147,0,628,1281,35056,35173,d9f58f1,
rakudo.parrot,2015-02-09,96.57%,07a6ec3,32011,0,619,1436,34066,35173,d9f58f1,
rakudo.jvm,2015-02-08,98.55%,0f7192a,32654,0,686,1407,34747,35167,1b24050,
rakudo.moar,2015-02-08,100.00%,0f7192a,33133,1,629,1272,35035,35167,1b24050,
rakudo.parrot,2015-02-08,96.58%,0f7192a,32000,0,618,1427,34045,35167,1b24050,
rakudo.jvm,2015-02-07,98.55%,5cea494,32649,0,686,1407,34742,35162,7f20855,
rakudo.moar,2015-02-07,100.00%,5cea494,33129,0,629,1272,35030,35162,7f20855,
rakudo.parrot,2015-02-07,96.58%,5cea494,31996,0,618,1427,34041,35162,7f20855,
rakudo.jvm,2015-02-06,98.55%,69dda1f,32648,0,686,1407,34741,35161,c453cd0,
rakudo.moar,2015-02-06,100.00%,69dda1f,33128,0,629,1272,35029,35161,c453cd0,
rakudo.parrot,2015-02-06,96.58%,69dda1f,31995,0,618,1427,34040,35161,c453cd0,
rakudo.jvm,2015-02-05,98.55%,b4b8ab1,32643,0,686,1407,34736,35156,e804903,
rakudo.moar,2015-02-05,100.00%,b4b8ab1,33123,0,629,1272,35024,35156,e804903,
rakudo.parrot,2015-02-05,96.58%,b4b8ab1,31990,0,618,1427,34035,35156,e804903,
rakudo.jvm,2015-02-04,98.54%,c2c4f7c,32627,5,686,1407,34725,35145,5b49077,
rakudo.moar,2015-02-04,100.00%,c2c4f7c,33112,0,629,1272,35013,35145,5b49077,
rakudo.parrot,2015-02-04,96.48%,c2c4f7c,31945,34,618,1427,34024,35145,5b49077,
rakudo.jvm,2015-02-03,98.55%,c2c4f7c,32632,0,686,1407,34725,35145,12db81b,
rakudo.moar,2015-02-03,100.00%,c2c4f7c,33112,0,629,1272,35013,35145,12db81b,
rakudo.parrot,2015-02-03,96.58%,c2c4f7c,31979,0,618,1427,34024,35145,12db81b,
rakudo.jvm,2015-02-02,98.55%,6a639ce,32623,0,684,1407,34714,35134,6e182d3,
rakudo.moar,2015-02-02,100.00%,6a639ce,33103,0,627,1272,35002,35134,6e182d3,
rakudo.parrot,2015-02-02,96.58%,6a639ce,31970,0,616,1427,34013,35134,6e182d3,
rakudo.jvm,2015-02-01,98.56%,228b501,32614,4,679,1407,34704,35123,ffbb70c,
rakudo.moar,2015-02-01,100.00%,228b501,33091,4,625,1272,34992,35123,ffbb70c,
rakudo.parrot,2015-02-01,96.58%,228b501,31959,4,613,1427,34003,35123,ffbb70c,
rakudo.jvm,2015-01-31,98.56%,6e074b0,32611,4,679,1405,34699,35118,7fd2f64,
rakudo.moar,2015-01-31,100.00%,6e074b0,33088,4,625,1270,34987,35118,7fd2f64,
rakudo.parrot,2015-01-31,96.58%,6e074b0,31956,4,613,1425,33998,35118,7fd2f64,
rakudo.jvm,2015-01-30,98.56%,6e074b0,32611,4,679,1405,34699,35118,ac7ee64,
rakudo.moar,2015-01-30,100.00%,6e074b0,33088,4,625,1270,34987,35118,ac7ee64,
rakudo.parrot,2015-01-30,96.58%,6e074b0,31956,4,613,1425,33998,35118,ac7ee64,
rakudo.jvm,2015-01-29,98.56%,6e074b0,32611,4,679,1405,34699,35118,166cd3c,
rakudo.moar,2015-01-29,100.00%,6e074b0,33088,4,625,1270,34987,35118,166cd3c,
rakudo.parrot,2015-01-29,96.58%,6e074b0,31956,4,613,1425,33998,35118,166cd3c,
rakudo.jvm,2015-01-28,98.56%,e589dfb,32611,0,680,1405,34696,35115,c377ff6,
rakudo.moar,2015-01-28,100.00%,e589dfb,33088,1,625,1270,34984,35115,c377ff6,
rakudo.parrot,2015-01-28,96.58%,e589dfb,31956,0,614,1425,33995,35115,c377ff6,
rakudo.jvm,2015-01-27,91.04%,034ad32,30118,2637,616,1319,34690,35109,fc5f2d8,
rakudo.moar,2015-01-27,100.00%,034ad32,33083,0,625,1270,34978,35109,fc5f2d8,
rakudo.parrot,2015-01-27,00.00%,034ad32,0,31472,0,0,31472,34298,fc5f2d8,
rakudo.jvm,2015-01-26,98.55%,8c487c0,32604,0,681,1405,34690,35109,e34a9c0,
rakudo.moar,2015-01-26,100.00%,8c487c0,33083,0,625,1270,34978,35109,e34a9c0,
rakudo.parrot,2015-01-26,00.00%,8c487c0,0,31472,0,0,31472,34298,e34a9c0,
rakudo.jvm,2015-01-25,98.61%,5ddd66b,32602,0,680,1406,34688,35086,f120204,
rakudo.moar,2015-01-25,100.00%,5ddd66b,33060,0,624,1271,34955,35086,f120204,
rakudo.parrot,2015-01-25,96.63%,5ddd66b,31946,0,614,1427,33987,35086,f120204,
rakudo.jvm,2015-01-24,98.61%,3a2be84,32602,0,680,1406,34688,35086,f120204,
rakudo.moar,2015-01-24,100.00%,3a2be84,33060,0,624,1271,34955,35086,f120204,
rakudo.parrot,2015-01-24,96.63%,3a2be84,31946,0,614,1427,33987,35086,f120204,
rakudo.jvm,2015-01-23,100.00%,7253b8f,32599,1,680,1406,34686,35084,98db032,
rakudo.moar,2015-01-23,00.00%,7253b8f,0,32436,0,0,32436,34273,98db032,
rakudo.parrot,2015-01-23,97.99%,7253b8f,31944,0,614,1427,33985,35084,98db032,
rakudo.jvm,2015-01-22,100.00%,8c62c13,32578,0,680,1406,34664,35062,20aa85b,
rakudo.moar,2015-01-22,00.00%,8c62c13,0,32414,0,0,32414,34251,20aa85b,
rakudo.parrot,2015-01-22,97.99%,8c62c13,31922,0,614,1427,33963,35062,20aa85b,
rakudo.jvm,2015-01-21,100.00%,b676ed8,32576,0,680,1408,34664,35062,f9cb170,
rakudo.moar,2015-01-21,00.00%,b676ed8,0,32414,0,0,32414,34251,f9cb170,
rakudo.parrot,2015-01-21,97.99%,b676ed8,31920,0,614,1429,33963,35062,f9cb170,
rakudo.jvm,2015-01-20,100.00%,b5e1723,32452,125,678,1408,34663,35046,d78c678,
rakudo.moar,2015-01-20,00.00%,b5e1723,0,32413,0,0,32413,34235,d78c678,
rakudo.parrot,2015-01-20,98.36%,b5e1723,31919,0,614,1429,33962,35046,d78c678,
rakudo.jvm,2015-01-19,100.00%,b5e1723,32452,125,678,1408,34663,35046,6279e12,
rakudo.moar,2015-01-19,00.00%,b5e1723,0,32413,0,0,32413,34235,6279e12,
rakudo.parrot,2015-01-19,98.36%,b5e1723,31919,0,614,1429,33962,35046,6279e12,
rakudo.jvm,2015-01-18,100.00%,243f874,32563,0,680,1408,34651,35046,e37eb06,
rakudo.moar,2015-01-18,00.00%,243f874,0,32413,0,0,32413,34235,e37eb06,
rakudo.parrot,2015-01-18,97.99%,243f874,31907,0,614,1429,33950,35046,e37eb06,
rakudo.jvm,2015-01-17,98.60%,6740efe,32562,1,679,1408,34650,35045,1b417d8,
rakudo.moar,2015-01-17,100.00%,6740efe,33025,1,623,1268,34917,35045,1b417d8,
rakudo.parrot,2015-01-17,00.00%,6740efe,0,31444,0,0,31444,34234,1b417d8,
rakudo.jvm,2015-01-16,98.60%,ef44fab,32562,0,679,1408,34649,35044,4853cce,
rakudo.moar,2015-01-16,100.00%,ef44fab,33025,0,623,1268,34916,35044,4853cce,
rakudo.parrot,2015-01-16,96.61%,ef44fab,31906,0,613,1429,33948,35044,4853cce,
rakudo.jvm,2015-01-15,98.53%,5228076,32538,0,702,1407,34647,35042,b64afd0,
rakudo.moar,2015-01-15,100.00%,5228076,33025,0,622,1267,34914,35042,b64afd0,
rakudo.parrot,2015-01-15,96.61%,5228076,31906,0,612,1428,33946,35042,b64afd0,
rakudo.jvm,2015-01-14,98.53%,f031a89,32538,0,702,1407,34647,35042,e2c18cf,
rakudo.moar,2015-01-14,100.00%,f031a89,33025,0,622,1267,34914,35042,e2c18cf,
rakudo.parrot,2015-01-14,96.61%,f031a89,31906,0,612,1428,33946,35042,e2c18cf,
rakudo.jvm,2015-01-13,98.52%,0ffea18,32527,6,701,1409,34643,35038,e4ff687,
rakudo.moar,2015-01-13,100.00%,0ffea18,33015,5,621,1269,34910,35038,e4ff687,
rakudo.parrot,2015-01-13,96.61%,0ffea18,31896,5,611,1430,33942,35038,e4ff687,
rakudo.jvm,2015-01-12,98.53%,c8e2a0c,32532,0,701,1409,34642,35037,98b23d6,
rakudo.moar,2015-01-12,100.00%,c8e2a0c,33019,0,621,1269,34909,35037,98b23d6,
rakudo.parrot,2015-01-12,96.61%,c8e2a0c,31900,0,611,1430,33941,35037,98b23d6,
rakudo.jvm,2015-01-11,98.52%,b1490b5,32436,0,714,1363,34513,34908,8f447f8,
rakudo.moar,2015-01-11,100.00%,b1490b5,32923,0,634,1223,34780,34908,8f447f8,
rakudo.parrot,2015-01-11,96.60%,b1490b5,31804,0,624,1384,33812,34908,8f447f8,
rakudo.jvm,2015-01-10,98.52%,95a6419,32435,0,714,1363,34512,34907,cd0614e,
rakudo.moar,2015-01-10,100.00%,95a6419,32922,0,634,1223,34779,34907,cd0614e,
rakudo.parrot,2015-01-10,96.60%,95a6419,31802,1,624,1384,33811,34907,cd0614e,
rakudo.jvm,2015-01-09,98.52%,a7bc14d,32420,0,719,1363,34502,34897,ac9c85e,
rakudo.moar,2015-01-09,100.00%,a7bc14d,32907,0,639,1223,34769,34897,ac9c85e,
rakudo.parrot,2015-01-09,96.60%,a7bc14d,31788,0,629,1384,33801,34897,ac9c85e,
rakudo.jvm,2015-01-08,00.00%,1d6ab03,0,31997,0,0,31997,34086,32c774f,
rakudo.moar,2015-01-08,100.00%,1d6ab03,32905,2,639,1223,34769,34897,32c774f,
rakudo.parrot,2015-01-08,96.60%,1d6ab03,31785,3,629,1384,33801,34897,32c774f,
rakudo.jvm,2015-01-07,98.53%,b2ffd2f,32412,0,719,1363,34494,34889,0154f13,manual rebuild
rakudo.moar,2015-01-07,100.00%,b2ffd2f,32899,0,639,1223,34761,34889,0154f13,
rakudo.parrot,2015-01-07,96.59%,b2ffd2f,31778,2,629,1384,33793,34889,0154f13,
rakudo.jvm,2015-01-06,98.52%,27e50a6,32411,0,719,1363,34493,34888,353141f,manual rebuild
rakudo.moar,2015-01-06,100.00%,27e50a6,32898,0,639,1223,34760,34888,353141f,
rakudo.parrot,2015-01-06,96.60%,27e50a6,31779,0,629,1384,33792,34888,353141f,
rakudo.jvm,2015-01-05,00.00%,1014935,0,31996,0,0,31996,34085,2520958,
rakudo.moar,2015-01-05,100.00%,1014935,32899,0,640,1229,34768,34896,2520958,
rakudo.parrot,2015-01-05,96.60%,1014935,31780,0,630,1390,33800,34896,2520958,
rakudo.jvm,2015-01-04,98.52%,700e0a5,32406,0,720,1369,34495,34890,43b724e,
rakudo.moar,2015-01-04,100.00%,700e0a5,32893,0,640,1229,34762,34890,43b724e,
rakudo.parrot,2015-01-04,96.60%,700e0a5,31774,0,630,1390,33794,34890,43b724e,
rakudo.jvm,2015-01-03,98.52%,4247b62,32396,0,720,1369,34485,34880,5058ff8,
rakudo.moar,2015-01-03,100.00%,4247b62,32882,1,640,1229,34752,34880,5058ff8,
rakudo.parrot,2015-01-03,96.60%,4247b62,31763,1,630,1390,33784,34880,5058ff8,
rakudo.jvm,2015-01-02,98.52%,d89ac19,32404,0,722,1369,34495,34890,8f173a0,
rakudo.moar,2015-01-02,100.00%,d89ac19,32891,0,642,1229,34762,34890,8f173a0,
rakudo.parrot,2015-01-02,96.60%,d89ac19,31772,0,632,1390,33794,34890,8f173a0,
rakudo.jvm,2015-01-01,98.52%,d84f6bc,32398,0,722,1368,34488,34883,eaaf541,
rakudo.moar,2015-01-01,100.00%,d84f6bc,32885,0,642,1228,34755,34883,eaaf541,
rakudo.parrot,2015-01-01,96.60%,d84f6bc,31766,0,632,1389,33787,34883,eaaf541,
rakudo.jvm,2014-12-31,98.52%,d84f6bc,32398,0,722,1368,34488,34883,eaaf541,
rakudo.moar,2014-12-31,100.00%,d84f6bc,32885,0,642,1228,34755,34883,eaaf541,
rakudo.parrot,2014-12-31,96.60%,d84f6bc,31766,0,632,1389,33787,34883,eaaf541,
rakudo.moar,2014-12-30,100.00%,64c0122,32884,0,642,1228,34754,34882,dd5687c,
rakudo.moar-jit,2014-12-30,100.00%,64c0122,32883,1,642,1228,34754,34882,dd5687c,
rakudo.jvm,2014-12-29,98.51%,8a98e6e,32372,0,722,1374,34468,34863,7fca945,
rakudo.moar,2014-12-29,100.00%,8a98e6e,32860,1,642,1232,34735,34863,7fca945,
rakudo.moar-jit,2014-12-29,100.00%,8a98e6e,32861,0,642,1232,34735,34863,7fca945,
rakudo.parrot,2014-12-29,00.00%,8a98e6e,0,31262,0,0,31262,34052,7fca945,
rakudo.jvm,2014-12-28,98.51%,8a98e6e,32372,0,722,1374,34468,34863,ce1e747,
rakudo.moar,2014-12-28,100.00%,8a98e6e,32861,0,642,1232,34735,34863,ce1e747,
rakudo.moar-jit,2014-12-28,100.00%,8a98e6e,32861,0,642,1232,34735,34863,ce1e747,
rakudo.parrot,2014-12-28,96.59%,8a98e6e,31742,0,632,1393,33767,34863,ce1e747,
rakudo.jvm,2014-12-27,98.51%,0367948,32365,1,722,1374,34462,34857,32c6e44,
rakudo.moar,2014-12-27,100.00%,0367948,32855,0,642,1232,34729,34857,32c6e44,
rakudo.moar-jit,2014-12-27,100.00%,0367948,32855,0,642,1232,34729,34857,32c6e44,
rakudo.parrot,2014-12-27,96.59%,0367948,31736,0,632,1393,33761,34857,32c6e44,
rakudo.jvm,2014-12-26,98.51%,0367948,32365,1,722,1374,34462,34857,8e5c5e9,
rakudo.moar,2014-12-26,100.00%,0367948,32855,0,642,1232,34729,34857,8e5c5e9,
rakudo.moar-jit,2014-12-26,100.00%,0367948,32855,0,642,1232,34729,34857,8e5c5e9,
rakudo.parrot,2014-12-26,96.59%,0367948,31736,0,632,1393,33761,34857,8e5c5e9,
rakudo.jvm,2014-12-25,98.51%,8a8d0de,32364,1,718,1374,34457,34866,e861672,
rakudo.moar,2014-12-25,100.00%,8a8d0de,32855,0,637,1232,34724,34866,e861672,
rakudo.moar-jit,2014-12-25,100.00%,8a8d0de,32855,0,637,1232,34724,34866,e861672,
rakudo.parrot,2014-12-25,96.59%,8a8d0de,31735,0,628,1393,33756,34866,e861672,
rakudo.jvm,2014-12-24,98.51%,bccc45e,32376,1,719,1374,34470,34879,8154bd3,
rakudo.moar,2014-12-24,100.00%,bccc45e,32867,0,638,1232,34737,34879,8154bd3,
rakudo.moar-jit,2014-12-24,100.00%,bccc45e,32867,0,638,1232,34737,34879,8154bd3,
rakudo.parrot,2014-12-24,96.59%,bccc45e,31747,0,629,1393,33769,34879,8154bd3,
rakudo.jvm,2014-12-23,98.51%,bccc45e,32376,1,719,1374,34470,34879,d45c53a,
rakudo.moar,2014-12-23,100.00%,bccc45e,32867,0,638,1232,34737,34879,d45c53a,
rakudo.moar-jit,2014-12-23,100.00%,bccc45e,32867,0,638,1232,34737,34879,d45c53a,
rakudo.parrot,2014-12-23,96.59%,bccc45e,31747,0,629,1393,33769,34879,d45c53a,
rakudo.jvm,2014-12-22,98.51%,8694d0b,32376,2,718,1374,34470,34879,284c098,
rakudo.moar,2014-12-22,100.00%,8694d0b,32866,1,638,1232,34737,34879,284c098,
rakudo.moar-jit,2014-12-22,100.00%,8694d0b,32867,0,638,1232,34737,34879,284c098,
rakudo.parrot,2014-12-22,96.59%,8694d0b,31747,1,628,1393,33769,34879,284c098,
rakudo.jvm,2014-12-21,98.51%,d91bcc4,32329,0,718,1374,34421,34830,fb9127c,
rakudo.moar,2014-12-21,100.00%,d91bcc4,32818,0,638,1232,34688,34830,fb9127c,
rakudo.moar-jit,2014-12-21,100.00%,d91bcc4,32818,0,638,1232,34688,34830,fb9127c,
rakudo.parrot,2014-12-21,96.63%,d91bcc4,31712,0,628,1393,33733,34830,fb9127c,
rakudo.jvm,2014-12-20,98.51%,d91bcc4,32329,0,718,1374,34421,34830,deb1e6d,
rakudo.moar,2014-12-20,100.00%,d91bcc4,32818,0,638,1232,34688,34830,deb1e6d,
rakudo.moar-jit,2014-12-20,100.00%,d91bcc4,32818,0,638,1232,34688,34830,deb1e6d,
rakudo.parrot,2014-12-20,96.63%,d91bcc4,31712,0,628,1393,33733,34830,deb1e6d,
rakudo.jvm,2014-12-19,98.51%,d91bcc4,32329,0,718,1374,34421,34830,30edf7f,
rakudo.moar,2014-12-19,100.00%,d91bcc4,32818,0,638,1232,34688,34830,30edf7f,
rakudo.moar-jit,2014-12-19,100.00%,d91bcc4,32817,1,638,1232,34688,34830,30edf7f,
rakudo.parrot,2014-12-19,96.63%,d91bcc4,31712,0,628,1393,33733,34830,30edf7f,
rakudo.jvm,2014-12-18,98.51%,79c35cc,32330,0,718,1374,34422,34831,c856b81,
rakudo.moar,2014-12-18,100.00%,79c35cc,32819,0,638,1232,34689,34831,c856b81,
rakudo.moar-jit,2014-12-18,100.00%,79c35cc,32819,0,638,1232,34689,34831,c856b81,
rakudo.parrot,2014-12-18,96.63%,79c35cc,31713,0,628,1393,33734,34831,c856b81,
rakudo.jvm,2014-12-17,98.51%,d692769,32329,0,718,1374,34421,34830,1785eaf,
rakudo.moar,2014-12-17,100.00%,d692769,32818,0,638,1232,34688,34830,1785eaf,
rakudo.moar-jit,2014-12-17,100.00%,d692769,32818,0,638,1232,34688,34830,1785eaf,
rakudo.parrot,2014-12-17,96.63%,d692769,31713,0,628,1392,33733,34830,1785eaf,
rakudo.jvm,2014-12-16,00.00%,89019c9,0,31914,0,0,31914,34017,19f661f,
rakudo.moar,2014-12-16,100.00%,89019c9,32816,0,638,1232,34686,34828,19f661f,
rakudo.moar-jit,2014-12-16,100.00%,89019c9,32816,0,638,1232,34686,34828,19f661f,
rakudo.parrot,2014-12-16,00.00%,89019c9,0,31226,0,0,31226,34017,19f661f,
rakudo.jvm,2014-12-15,98.51%,2252f8b,32316,0,718,1374,34408,34817,795a327,
rakudo.moar,2014-12-15,100.00%,2252f8b,32805,0,638,1232,34675,34817,795a327,
rakudo.moar-jit,2014-12-15,100.00%,2252f8b,32805,0,638,1232,34675,34817,795a327,
rakudo.parrot,2014-12-15,96.63%,2252f8b,31700,0,628,1392,33720,34817,795a327,
rakudo.jvm,2014-12-14,98.51%,1ecd460,32316,6,712,1374,34408,34817,795a327,
rakudo.moar,2014-12-14,100.00%,1ecd460,32805,0,638,1232,34675,34817,795a327,
rakudo.moar-jit,2014-12-14,100.00%,1ecd460,32805,0,638,1232,34675,34817,795a327,
rakudo.parrot,2014-12-14,96.63%,1ecd460,31700,17,628,1375,33720,34817,795a327,
rakudo.jvm,2014-12-13,98.48%,da9a349,32289,43,716,1374,34422,34831,8e76f01,
rakudo.moar,2014-12-13,100.00%,da9a349,32789,0,660,1240,34689,34831,8e76f01,
rakudo.moar-jit,2014-12-13,100.00%,da9a349,32789,0,660,1240,34689,34831,8e76f01,
rakudo.parrot,2014-12-13,00.00%,da9a349,0,31229,0,0,31229,34020,8e76f01,
rakudo.jvm,2014-12-12,98.49%,1bcc540,32278,37,716,1374,34405,34814,3fa1bdf,
rakudo.moar,2014-12-12,100.00%,1bcc540,32772,0,660,1240,34672,34814,3fa1bdf,
rakudo.moar-jit,2014-12-12,100.00%,1bcc540,32772,0,660,1240,34672,34814,3fa1bdf,
rakudo.parrot,2014-12-12,96.65%,1bcc540,31673,37,632,1375,33717,34814,3fa1bdf,
rakudo.jvm,2014-12-11,98.53%,3b96e08,32278,0,723,1385,34386,34795,5f64944,
rakudo.moar,2014-12-11,100.00%,3b96e08,32761,0,649,1243,34653,34795,5f64944,
rakudo.moar-jit,2014-12-11,100.00%,3b96e08,32761,0,649,1243,34653,34795,5f64944,
rakudo.parrot,2014-12-11,96.68%,3b96e08,31673,0,639,1386,33698,34795,5f64944,
rakudo.jvm,2014-12-10,98.53%,91a4cc9,32277,0,723,1385,34385,34794,c91a583,
rakudo.moar,2014-12-10,100.00%,91a4cc9,32760,0,649,1243,34652,34794,c91a583,
rakudo.moar-jit,2014-12-10,100.00%,91a4cc9,32760,0,649,1243,34652,34794,c91a583,
rakudo.parrot,2014-12-10,96.68%,91a4cc9,31672,0,639,1386,33697,34794,c91a583,
rakudo.jvm,2014-12-09,98.53%,d6372ca,32269,0,723,1391,34383,34783,dfcf9fc,
rakudo.moar,2014-12-09,100.00%,d6372ca,32752,0,649,1249,34650,34783,dfcf9fc,
rakudo.moar-jit,2014-12-09,100.00%,d6372ca,32752,0,649,1249,34650,34783,dfcf9fc,
rakudo.parrot,2014-12-09,96.68%,d6372ca,31664,0,639,1392,33695,34783,dfcf9fc,
rakudo.jvm,2014-12-08,98.53%,d6372ca,32269,0,723,1391,34383,34783,dfcf9fc,
rakudo.moar,2014-12-08,100.00%,d6372ca,32752,0,649,1249,34650,34783,dfcf9fc,
rakudo.moar-jit,2014-12-08,100.00%,d6372ca,32752,0,649,1249,34650,34783,dfcf9fc,
rakudo.parrot,2014-12-08,96.68%,d6372ca,31664,0,639,1392,33695,34783,dfcf9fc,
rakudo.jvm,2014-12-07,98.52%,355e77b,32268,1,723,1391,34383,34783,4a9ebae,
rakudo.moar,2014-12-07,100.00%,355e77b,32752,0,649,1249,34650,34783,4a9ebae,
rakudo.moar-jit,2014-12-07,100.00%,355e77b,32752,0,649,1249,34650,34783,4a9ebae,
rakudo.parrot,2014-12-07,96.68%,355e77b,31664,0,639,1392,33695,34783,4a9ebae,
rakudo.jvm,2014-12-06,98.53%,355e77b,32269,0,723,1391,34383,34783,6345f4f,
rakudo.moar,2014-12-06,100.00%,355e77b,32752,0,649,1249,34650,34783,6345f4f,
rakudo.moar-jit,2014-12-06,100.00%,355e77b,32752,0,649,1249,34650,34783,6345f4f,
rakudo.parrot,2014-12-06,96.68%,355e77b,31664,0,639,1392,33695,34783,6345f4f,
rakudo.jvm,2014-12-05,98.53%,4b7c128,32270,0,723,1390,34383,34783,da7ff70,
rakudo.moar,2014-12-05,99.99%,4b7c128,32751,2,649,1248,34650,34783,da7ff70,
rakudo.moar-jit,2014-12-05,100.00%,4b7c128,32753,0,649,1248,34650,34783,da7ff70,
rakudo.parrot,2014-12-05,96.68%,4b7c128,31664,0,639,1392,33695,34783,da7ff70,
rakudo.jvm,2014-12-04,98.53%,1db2856,32263,0,721,1390,34374,34774,6edc31b,
rakudo.moar,2014-12-04,100.00%,1db2856,32746,0,647,1248,34641,34774,6edc31b,
rakudo.moar-jit,2014-12-04,100.00%,1db2856,32746,0,647,1248,34641,34774,6edc31b,
rakudo.parrot,2014-12-04,96.69%,1db2856,31663,1,637,1392,33693,34774,6edc31b,
rakudo.jvm,2014-12-03,98.52%,98d86f1,32262,0,722,1385,34369,34769,dd27056,
rakudo.moar,2014-12-03,100.00%,98d86f1,32745,0,648,1243,34636,34769,dd27056,
rakudo.moar-jit,2014-12-03,100.00%,98d86f1,32745,0,648,1243,34636,34769,dd27056,
rakudo.parrot,2014-12-03,96.70%,98d86f1,31663,0,638,1387,33688,34769,dd27056,
rakudo.jvm,2014-12-02,98.52%,98d86f1,32262,0,722,1385,34369,34769,91d8995,
rakudo.moar,2014-12-02,100.00%,98d86f1,32745,0,648,1243,34636,34769,91d8995,
rakudo.moar-jit,2014-12-02,100.00%,98d86f1,32745,0,648,1243,34636,34769,91d8995,
rakudo.parrot,2014-12-02,96.69%,98d86f1,31662,1,638,1387,33688,34769,91d8995,
rakudo.jvm,2014-12-01,98.52%,98d86f1,32262,0,722,1385,34369,34769,91d8995,
rakudo.moar,2014-12-01,100.00%,98d86f1,32745,0,648,1243,34636,34769,91d8995,
rakudo.moar-jit,2014-12-01,100.00%,98d86f1,32745,0,648,1243,34636,34769,91d8995,
rakudo.parrot,2014-12-01,96.70%,98d86f1,31663,0,638,1387,33688,34769,91d8995,
rakudo.jvm,2014-11-30,98.52%,98d86f1,32262,0,722,1385,34369,34769,62c092f,
rakudo.moar,2014-11-30,100.00%,98d86f1,32745,0,648,1243,34636,34769,62c092f,
rakudo.moar-jit,2014-11-30,100.00%,98d86f1,32745,0,648,1243,34636,34769,62c092f,
rakudo.parrot,2014-11-30,96.69%,98d86f1,31662,1,638,1387,33688,34769,62c092f,
rakudo.jvm,2014-11-29,98.52%,3c44a25,32262,0,722,1385,34369,34769,28cfa02,
rakudo.moar,2014-11-29,100.00%,3c44a25,32745,0,648,1243,34636,34769,28cfa02,
rakudo.moar-jit,2014-11-29,100.00%,3c44a25,32745,0,648,1243,34636,34769,28cfa02,
rakudo.parrot,2014-11-29,96.70%,3c44a25,31663,0,638,1387,33688,34769,28cfa02,
rakudo.jvm,2014-11-28,98.52%,3c44a25,32262,0,722,1385,34369,34769,2b2857d,
rakudo.moar,2014-11-28,100.00%,3c44a25,32745,0,648,1243,34636,34769,2b2857d,
rakudo.moar-jit,2014-11-28,100.00%,3c44a25,32744,1,648,1243,34636,34769,2b2857d,
rakudo.parrot,2014-11-28,96.64%,3c44a25,31646,17,638,1387,33688,34769,2b2857d,
rakudo.jvm,2014-11-27,98.00%,ffc87fa,32262,0,722,1385,34369,34769,cd9001e,
rakudo.moar,2014-11-27,100.00%,ffc87fa,32919,84,669,1243,34915,35048,cd9001e,
rakudo.moar-jit,2014-11-27,100.00%,ffc87fa,32919,84,669,1243,34915,35048,cd9001e,
rakudo.parrot,2014-11-27,96.18%,ffc87fa,31663,0,638,1387,33688,34769,cd9001e,
rakudo.jvm,2014-11-26,98.00%,11a3b4e,32261,0,722,1385,34368,34768,e1aa077,
rakudo.moar,2014-11-26,100.00%,11a3b4e,32918,84,669,1243,34914,35047,e1aa077,
rakudo.moar-jit,2014-11-26,100.00%,11a3b4e,32918,84,669,1243,34914,35047,e1aa077,
rakudo.parrot,2014-11-26,96.18%,11a3b4e,31661,1,638,1387,33687,34768,e1aa077,
rakudo.jvm,2014-11-25,97.99%,aad8694,32257,4,722,1385,34368,34768,ac27d2f,
rakudo.moar,2014-11-25,100.00%,aad8694,32917,85,669,1243,34914,35047,ac27d2f,
rakudo.moar-jit,2014-11-25,100.00%,aad8694,32916,86,669,1243,34914,35047,ac27d2f,
rakudo.parrot,2014-11-25,96.18%,aad8694,31659,3,638,1387,33687,34768,ac27d2f,
rakudo.jvm,2014-11-24,97.97%,d44aa84,32241,4,719,1385,34349,34749,c40c1b8,
rakudo.moar,2014-11-24,100.00%,d44aa84,32908,75,669,1243,34895,35028,c40c1b8,
rakudo.moar-jit,2014-11-24,99.86%,d44aa84,32862,126,664,1243,34895,35028,c40c1b8,
rakudo.parrot,2014-11-24,96.16%,d44aa84,31643,3,637,1385,33668,34749,c40c1b8,
rakudo.jvm,2014-11-23,98.45%,3d91ae8,32239,3,717,1385,34344,34744,8124c41,
rakudo.moar,2014-11-23,100.00%,3d91ae8,32747,0,648,1243,34638,34771,8124c41,
rakudo.moar-jit,2014-11-23,100.00%,3d91ae8,32746,1,648,1243,34638,34771,8124c41,
rakudo.parrot,2014-11-23,96.63%,3d91ae8,31643,0,636,1384,33663,34744,8124c41,
rakudo.jvm,2014-11-22,98.45%,b33ad00,32237,2,715,1385,34339,34739,113ede5,
rakudo.moar,2014-11-22,100.00%,b33ad00,32743,1,646,1243,34633,34766,113ede5,
rakudo.moar-jit,2014-11-22,100.00%,b33ad00,32744,0,646,1243,34633,34766,113ede5,
rakudo.parrot,2014-11-22,96.63%,b33ad00,31639,1,634,1384,33658,34739,113ede5,
rakudo.jvm,2014-11-21,98.46%,cc95f52,32237,0,715,1385,34337,34737,7191e49,
rakudo.moar,2014-11-21,100.00%,cc95f52,32742,0,646,1243,34631,34764,7191e49,
rakudo.moar-jit,2014-11-21,100.00%,cc95f52,32742,0,646,1243,34631,34764,7191e49,
rakudo.parrot,2014-11-21,96.63%,cc95f52,31638,0,634,1384,33656,34737,7191e49,
rakudo.jvm,2014-11-20,98.46%,c548f2f,32237,22,693,1385,34337,34737,10aa8bf,
rakudo.moar,2014-11-20,100.00%,c548f2f,32742,0,646,1243,34631,34764,10aa8bf,
rakudo.moar-jit,2014-11-20,100.00%,c548f2f,32742,0,646,1243,34631,34764,10aa8bf,
rakudo.parrot,2014-11-20,96.63%,c548f2f,31638,0,634,1384,33656,34737,10aa8bf,
rakudo.jvm,2014-11-19,98.45%,6c8a0d2,32233,23,692,1385,34333,34733,93c2b4c,
rakudo.moar,2014-11-19,100.00%,6c8a0d2,32739,0,645,1243,34627,34760,93c2b4c,
rakudo.moar-jit,2014-11-19,100.00%,6c8a0d2,32739,0,645,1243,34627,34760,93c2b4c,
rakudo.parrot,2014-11-19,96.63%,6c8a0d2,31635,0,633,1384,33652,34733,93c2b4c,
rakudo.jvm,2014-11-18,98.46%,edf9db8,32224,22,697,1385,34328,34728,48edaa3,
rakudo.moar,2014-11-18,100.00%,edf9db8,32728,1,650,1243,34622,34755,48edaa3,
rakudo.moar-jit,2014-11-18,100.00%,edf9db8,32729,0,650,1243,34622,34755,48edaa3,
rakudo.parrot,2014-11-18,96.57%,edf9db8,31608,12,639,1388,33647,34728,48edaa3,
rakudo.jvm,2014-11-17,98.46%,e75bba5,32219,22,702,1385,34328,34728,38e77b6,
rakudo.moar,2014-11-17,100.00%,e75bba5,32723,1,655,1243,34622,34755,38e77b6,
rakudo.moar-jit,2014-11-17,100.00%,e75bba5,32724,0,655,1243,34622,34755,38e77b6,
rakudo.parrot,2014-11-17,96.39%,e75bba5,31544,72,644,1387,33647,34728,38e77b6,
rakudo.jvm,2014-11-16,98.46%,5af4b8c,32219,22,702,1385,34328,34728,7dd7292,
rakudo.moar,2014-11-16,100.00%,5af4b8c,32724,0,655,1243,34622,34755,7dd7292,
rakudo.moar-jit,2014-11-16,99.34%,5af4b8c,32508,216,655,1243,34622,34755,7dd7292,
rakudo.parrot,2014-11-16,96.33%,5af4b8c,31522,96,643,1386,33647,34728,7dd7292,
rakudo.jvm,2014-11-15,98.46%,5af4b8c,32219,22,702,1385,34328,34728,7dd7292,
rakudo.moar,2014-11-15,100.00%,5af4b8c,32724,0,655,1243,34622,34755,7dd7292,
rakudo.moar-jit,2014-11-15,99.34%,5af4b8c,32508,216,655,1243,34622,34755,7dd7292,
rakudo.parrot,2014-11-15,96.33%,5af4b8c,31522,96,643,1386,33647,34728,7dd7292,
rakudo.jvm,2014-11-14,98.46%,6721083,32220,22,701,1385,34328,34728,f8f6feb,
rakudo.moar,2014-11-14,100.00%,6721083,32725,0,654,1243,34622,34755,f8f6feb,
rakudo.moar-jit,2014-11-14,100.00%,6721083,32725,0,654,1243,34622,34755,f8f6feb,
rakudo.parrot,2014-11-14,96.51%,6721083,31584,35,642,1386,33647,34728,f8f6feb,
rakudo.jvm,2014-11-13,98.46%,6721083,32220,22,701,1385,34328,34728,1d3d97f,
rakudo.moar,2014-11-13,100.00%,6721083,32725,0,654,1243,34622,34755,1d3d97f,
rakudo.moar-jit,2014-11-13,100.00%,6721083,32724,1,654,1243,34622,34755,1d3d97f,
rakudo.parrot,2014-11-13,96.51%,6721083,31584,35,642,1386,33647,34728,1d3d97f,
rakudo.jvm,2014-11-12,98.46%,6721083,32220,22,701,1385,34328,34728,ae1cde4,
rakudo.moar,2014-11-12,100.00%,6721083,32725,0,654,1243,34622,34755,ae1cde4,
rakudo.moar-jit,2014-11-12,99.60%,6721083,32594,131,654,1243,34622,34755,ae1cde4,
rakudo.parrot,2014-11-12,96.51%,6721083,31584,35,642,1386,33647,34728,ae1cde4,
rakudo.jvm,2014-11-11,98.46%,f5e132d,32219,22,701,1385,34327,34727,abd2bc5,
rakudo.moar,2014-11-11,99.60%,f5e132d,32594,130,654,1243,34621,34754,abd2bc5,
rakudo.moar-jit,2014-11-11,100.00%,f5e132d,32724,0,654,1243,34621,34754,abd2bc5,
rakudo.parrot,2014-11-11,96.61%,f5e132d,31615,0,644,1387,33646,34727,abd2bc5,
rakudo.jvm,2014-11-10,98.46%,22a9881,32218,22,704,1385,34329,34729,72703bf,
rakudo.moar,2014-11-10,100.00%,22a9881,32723,0,657,1243,34623,34756,72703bf,
rakudo.moar-jit,2014-11-10,100.00%,22a9881,32723,0,657,1243,34623,34756,72703bf,
rakudo.parrot,2014-11-10,96.61%,22a9881,31614,0,647,1387,33648,34729,72703bf,
rakudo.jvm,2014-11-09,98.46%,fcf5aff,32210,22,711,1386,34329,34729,3563935,
rakudo.moar,2014-11-09,100.00%,fcf5aff,32714,0,664,1245,34623,34756,3563935,
rakudo.moar-jit,2014-11-09,100.00%,fcf5aff,32714,0,664,1245,34623,34756,3563935,
rakudo.jvm,2014-11-08,98.46%,1dae23b,32195,22,709,1393,34319,34719,393acf0,
rakudo.moar,2014-11-08,100.00%,1dae23b,32698,1,662,1252,34613,34746,393acf0,
rakudo.moar-jit,2014-11-08,100.00%,1dae23b,32699,0,662,1252,34613,34746,393acf0,
rakudo.jvm,2014-11-07,98.53%,cd74a7c,32216,1,708,1393,34318,34718,2b57f3f,
rakudo.moar,2014-11-07,100.00%,cd74a7c,32697,2,661,1252,34612,34745,2b57f3f,
rakudo.moar-jit,2014-11-07,100.00%,cd74a7c,32697,2,661,1252,34612,34745,2b57f3f,
rakudo.jvm,2014-11-06,98.53%,cd74a7c,32216,1,708,1393,34318,34718,2b57f3f,
rakudo.moar,2014-11-06,100.00%,cd74a7c,32698,1,661,1252,34612,34745,2b57f3f,
rakudo.moar-jit,2014-11-06,100.00%,cd74a7c,32698,1,661,1252,34612,34745,2b57f3f,
rakudo.jvm,2014-11-05,98.53%,af40fcd,32216,0,708,1393,34317,34717,4e146c5,
rakudo.moar,2014-11-05,100.00%,af40fcd,32697,0,662,1252,34611,34744,4e146c5,
rakudo.moar-jit,2014-11-05,100.00%,af40fcd,32697,0,662,1252,34611,34744,4e146c5,
rakudo.jvm,2014-11-04,98.53%,0277bfb,32210,4,710,1391,34315,34715,2b6e9e7,
rakudo.moar,2014-11-04,100.00%,0277bfb,32691,4,664,1250,34609,34742,2b6e9e7,
rakudo.moar-jit,2014-11-04,100.00%,0277bfb,32691,4,664,1250,34609,34742,2b6e9e7,
rakudo.jvm,2014-11-03,98.53%,31e6e32,32217,0,706,1391,34314,34714,2bef929,
rakudo.moar,2014-11-03,100.00%,31e6e32,32697,1,660,1250,34608,34741,2bef929,
rakudo.moar-jit,2014-11-03,100.00%,31e6e32,32698,0,660,1250,34608,34741,2bef929,
rakudo.jvm,2014-11-02,98.53%,31e6e32,32217,0,706,1391,34314,34714,930bb08,
rakudo.moar,2014-11-02,100.00%,31e6e32,32698,0,660,1250,34608,34741,930bb08,
rakudo.moar-jit,2014-11-02,100.00%,31e6e32,32698,0,660,1250,34608,34741,930bb08,
rakudo.jvm,2014-11-01,98.53%,31e6e32,32217,0,706,1391,34314,34714,c7e4401,
rakudo.moar,2014-11-01,100.00%,31e6e32,32697,1,660,1250,34608,34741,c7e4401,
rakudo.moar-jit,2014-11-01,100.00%,31e6e32,32698,0,660,1250,34608,34741,c7e4401,
rakudo.jvm,2014-10-31,98.53%,16bbdc6,32217,0,706,1391,34314,34714,0eb4bc8,
rakudo.moar,2014-10-31,100.00%,16bbdc6,32698,0,660,1250,34608,34741,0eb4bc8,
rakudo.moar-jit,2014-10-31,100.00%,16bbdc6,32698,0,660,1250,34608,34741,0eb4bc8,
rakudo.jvm,2014-10-30,98.53%,b46b2fd,32198,0,703,1387,34288,34688,b6b1b7c,
rakudo.moar,2014-10-30,100.00%,b46b2fd,32678,1,657,1246,34582,34715,b6b1b7c,
rakudo.moar-jit,2014-10-30,100.00%,b46b2fd,32679,0,657,1246,34582,34715,b6b1b7c,
rakudo.jvm,2014-10-29,98.52%,5e0641d,32181,1,703,1392,34277,34677,560a8b0,
rakudo.moar,2014-10-29,100.00%,5e0641d,32663,0,657,1251,34571,34704,560a8b0,
rakudo.moar-jit,2014-10-29,100.00%,5e0641d,32663,0,657,1251,34571,34704,560a8b0,
rakudo.jvm,2014-10-28,98.52%,2c34a36,32179,1,703,1393,34276,34676,0decd7b,
rakudo.moar,2014-10-28,100.00%,2c34a36,32662,0,657,1251,34570,34703,0decd7b,
rakudo.moar-jit,2014-10-28,100.00%,2c34a36,32662,0,657,1251,34570,34703,0decd7b,
rakudo.jvm,2014-10-27,98.52%,27a7e32,32141,38,703,1392,34274,34674,a07bdab,
rakudo.moar,2014-10-27,100.00%,27a7e32,32624,37,658,1249,34568,34701,a07bdab,
rakudo.moar-jit,2014-10-27,100.00%,27a7e32,32624,37,658,1249,34568,34701,a07bdab,
rakudo.jvm,2014-10-26,98.52%,7f81801,32178,2,702,1392,34274,34674,2797925,
rakudo.moar,2014-10-26,100.00%,7f81801,32660,1,658,1249,34568,34701,2797925,
rakudo.moar-jit,2014-10-26,100.00%,7f81801,32660,1,658,1249,34568,34701,2797925,
rakudo.jvm,2014-10-25,98.53%,5e77113,32167,2,700,1391,34260,34660,5b716e8,
rakudo.moar,2014-10-25,100.00%,5e77113,32646,1,657,1250,34554,34687,5b716e8,
rakudo.moar-jit,2014-10-25,100.00%,5e77113,32647,0,657,1250,34554,34687,5b716e8,
rakudo.jvm,2014-10-24,98.52%,19cb59e,32165,3,701,1391,34260,34660,a372592,
rakudo.moar,2014-10-24,100.00%,19cb59e,32647,0,657,1250,34554,34687,a372592,
rakudo.moar-jit,2014-10-24,100.00%,19cb59e,32647,0,657,1250,34554,34687,a372592,
rakudo.jvm,2014-10-23,98.50%,19cb59e,32174,1,701,1392,34268,34660,8bcdfd2,
rakudo.moar,2014-10-23,100.00%,8a07d59,32665,0,660,1251,34576,34685,315ec62,
rakudo.moar-jit,2014-10-23,100.00%,8a07d59,32665,0,660,1251,34576,34685,315ec62,
rakudo.moar,2014-10-22,100.00%,7896054,32651,0,659,1251,34561,34670,8102da0,
rakudo.moar-jit,2014-10-22,100.00%,7896054,32651,0,659,1251,34561,34670,8102da0,
rakudo.jvm,2014-10-21,98.45%,ee544c6,32140,5,701,1401,34247,34639,3687508,
rakudo.moar,2014-10-21,100.00%,cc6dfe8,32646,0,659,1251,34556,34665,f0efc88,
rakudo.moar-jit,2014-10-21,100.00%,cc6dfe8,32646,0,659,1251,34556,34665,f0efc88,
rakudo.moar,2014-10-20,100.00%,3c20f45,32646,1,661,1250,34558,34667,dcd32e5,
rakudo.moar-jit,2014-10-20,100.00%,3c20f45,32646,1,661,1250,34558,34667,dcd32e5,
rakudo.moar,2014-10-19,100.00%,3c20f45,32647,0,661,1250,34558,34667,09a84c3,
rakudo.moar-jit,2014-10-19,99.34%,3c20f45,32431,216,661,1250,34558,34667,09a84c3,
rakudo.moar,2014-10-18,100.00%,741b08e,32647,0,661,1250,34558,34667,6be4a4d,
rakudo.moar-jit,2014-10-18,99.34%,741b08e,32430,217,661,1250,34558,34667,6be4a4d,
rakudo.moar,2014-10-17,100.00%,7f2ba11,32642,0,661,1250,34553,34662,0dcd0d6,
rakudo.moar-jit,2014-10-17,99.34%,7f2ba11,32426,216,661,1250,34553,34662,0dcd0d6,
rakudo.moar,2014-10-16,100.00%,82b0065,32593,1,658,1247,34499,34643,af95ace,
rakudo.moar-jit,2014-10-16,100.00%,82b0065,32594,0,658,1247,34499,34643,af95ace,
rakudo.moar,2014-10-15,100.00%,1c4c535,32585,0,658,1247,34490,34633,8b3e8c2,
rakudo.moar-jit,2014-10-15,100.00%,1c4c535,32585,0,658,1247,34490,34633,8b3e8c2,
rakudo.moar,2014-10-14,100.00%,390f04d,32573,0,658,1247,34478,34621,8b3e8c2,
rakudo.moar-jit,2014-10-14,100.00%,390f04d,32572,1,658,1247,34478,34621,8b3e8c2,
rakudo.moar,2014-10-13,100.00%,d03302f,32563,0,658,1247,34468,34611,0d1ab23,
rakudo.moar-jit,2014-10-13,100.00%,d03302f,32563,0,658,1247,34468,34611,0d1ab23,
rakudo.moar,2014-10-12,100.00%,d03302f,32563,0,658,1247,34468,34611,b6c6aef,
rakudo.moar-jit,2014-10-12,100.00%,d03302f,32563,0,658,1247,34468,34611,b6c6aef,
rakudo.moar,2014-10-11,100.00%,39b4869,32559,0,658,1247,34464,34607,fd017a0,
rakudo.moar-jit,2014-10-11,100.00%,39b4869,32559,0,658,1247,34464,34607,fd017a0,
rakudo.moar,2014-10-10,100.00%,f15d9ae,32580,0,658,1247,34485,34627,d3a2841,
rakudo.moar-jit,2014-10-10,100.00%,f15d9ae,32580,0,658,1247,34485,34627,d3a2841,
rakudo.moar,2014-10-09,100.00%,e8fd9ec,32577,0,657,1247,34481,34623,442a465,
rakudo.moar-jit,2014-10-09,100.00%,e8fd9ec,32577,0,657,1247,34481,34623,442a465,
rakudo.moar,2014-10-08,100.00%,98ef6a0,32565,0,657,1247,34469,34611,19d2de5,
rakudo.moar-jit,2014-10-08,100.00%,98ef6a0,32565,0,657,1247,34469,34611,19d2de5,
rakudo.moar,2014-10-07,100.00%,059caa0,32554,0,657,1247,34458,34600,b1ce7e0,
rakudo.moar-jit,2014-10-07,100.00%,059caa0,32554,0,657,1247,34458,34600,b1ce7e0,
rakudo.moar,2014-10-06,100.00%,18fc4b8,32547,0,656,1252,34455,34562,7c86547,
rakudo.moar-jit,2014-10-06,100.00%,18fc4b8,32547,0,656,1252,34455,34562,7c86547,
rakudo.moar,2014-10-05,99.98%,82e8a20,32531,6,656,1252,34445,34552,9c807f2,
rakudo.moar-jit,2014-10-05,100.00%,82e8a20,32537,0,656,1252,34445,34552,9c807f2,
rakudo.parrot,2014-10-05,96.67%,82e8a20,31454,0,637,1390,33481,34525,9c807f2,
rakudo.moar,2014-10-04,100.00%,82e8a20,32536,1,656,1252,34445,34552,b3331e4,
rakudo.moar-jit,2014-10-04,100.00%,82e8a20,32537,0,656,1252,34445,34552,b3331e4,
rakudo.parrot,2014-10-04,96.64%,82e8a20,31443,11,637,1390,33481,34525,b3331e4,
rakudo.moar,2014-10-03,100.00%,08ef117,32533,0,655,1255,34443,34550,0242728,
rakudo.moar-jit,2014-10-03,99.98%,08ef117,32527,6,655,1255,34443,34550,0242728,
rakudo.parrot,2014-10-03,96.66%,08ef117,31447,2,637,1393,33479,34523,0242728,
rakudo.moar,2014-10-02,100.00%,b93b787,32524,1,655,1256,34436,34543,d60a8fa,
rakudo.moar-jit,2014-10-02,100.00%,b93b787,32524,1,655,1256,34436,34543,d60a8fa,
rakudo.parrot,2014-10-02,96.66%,b93b787,31438,3,637,1394,33472,34516,d60a8fa,
rakudo.moar,2014-10-01,100.00%,be2e100,32524,0,655,1256,34435,34542,b5032fc,
rakudo.moar-jit,2014-10-01,100.00%,be2e100,32524,0,655,1256,34435,34542,b5032fc,
rakudo.parrot,2014-10-01,96.66%,be2e100,31438,2,637,1394,33471,34515,b5032fc,
rakudo.moar,2014-09-30,100.00%,a0bf974,32521,0,655,1256,34432,34540,264eafb,
rakudo.moar-jit,2014-09-30,100.00%,a0bf974,32521,0,655,1256,34432,34540,264eafb,
rakudo.parrot,2014-09-30,96.66%,a0bf974,31435,2,637,1394,33468,34513,264eafb,
rakudo.moar,2014-09-29,100.00%,dfd7d76,32521,0,655,1256,34432,34540,b13069b,
rakudo.moar-jit,2014-09-29,99.66%,dfd7d76,32411,110,655,1256,34432,34540,b13069b,
rakudo.parrot,2014-09-29,00.00%,dfd7d76,0,30928,0,0,30928,33702,b13069b,
rakudo.moar,2014-09-28,100.00%,534e79d,32523,0,645,1248,34408,34516,0971a6e,
rakudo.moar-jit,2014-09-28,100.00%,534e79d,32523,0,645,1248,34408,34516,0971a6e,
rakudo.parrot,2014-09-28,96.66%,534e79d,31437,2,627,1386,33444,34489,0971a6e,
rakudo.moar,2014-09-27,100.00%,d720ab5,32515,0,645,1248,34408,34516,1613b0b,
rakudo.moar-jit,2014-09-27,100.00%,d720ab5,32515,0,645,1248,34408,34516,1613b0b,
rakudo.parrot,2014-09-27,96.66%,d720ab5,31429,2,627,1386,33444,34489,1613b0b,
rakudo.moar,2014-09-26,100.00%,0da8543,32512,0,646,1249,34407,34515,85c4c02,
rakudo.moar-jit,2014-09-26,100.00%,0da8543,32512,0,646,1249,34407,34515,85c4c02,
rakudo.parrot,2014-09-26,96.66%,0da8543,31425,2,629,1387,33443,34488,85c4c02,
rakudo.moar,2014-09-25,100.00%,55c1fc2,32503,0,646,1251,34400,34500,5d8eebf,
rakudo.moar-jit,2014-09-25,99.87%,55c1fc2,32461,56,633,1250,34400,34500,5d8eebf,
rakudo.parrot,2014-09-25,96.66%,55c1fc2,31416,2,629,1389,33436,34473,5d8eebf,
rakudo.moar,2014-09-24,100.00%,606523b,32454,56,634,1251,34395,34495,682e035,
rakudo.moar-jit,2014-09-24,100.00%,606523b,32454,56,634,1251,34395,34495,682e035,
rakudo.parrot,2014-09-24,96.78%,606523b,31409,2,630,1390,33431,34468,682e035,
rakudo.moar,2014-09-23,100.00%,b85c0f3,32450,56,635,1251,34392,34492,416969d,
rakudo.moar-jit,2014-09-23,100.00%,b85c0f3,32450,56,635,1251,34392,34492,416969d,
rakudo.parrot,2014-09-23,96.75%,b85c0f3,31394,2,642,1390,33428,34465,416969d,
rakudo.moar,2014-09-22,100.00%,b85c0f3,32450,56,635,1251,34392,34492,416969d,
rakudo.moar-jit,2014-09-22,100.00%,b85c0f3,32449,57,635,1251,34392,34492,416969d,
rakudo.parrot,2014-09-22,96.75%,b85c0f3,31394,2,642,1390,33428,34465,416969d,
